v_common_coa_code,v_common_coa_name,v_common_coa_description,v_accrual_basis_code,v_account_type,fic_mis_date,v_rollup_signage_code,d_start_date,d_end_date
10033000,10033000 Share Capital,Capital,None,OTHERLIABS,30/4/2024,NULL,NULL,NULL
10035900,10035900 Share Capital,Capital,NULL,OTHERLIABS,30/4/2024,NULL,NULL,NULL
10036900,10036900 Share Premium,Capital,NULL,OTHERLIABS,30/4/2024,NULL,NULL,NULL
10287000,10287000 Deferred Interest on Non Performing Mortgage Loans,Deferred Interest on Non Performing Mortgage Loans,NULL,EARNINGASSETS,30/4/2024,NULL,NULL,NULL
10287500,10287500 Def Int-NPLsMortNostroFCA,Def Int-NPLsMortNostroFCA,NULL,EARNINGASSETS,30/4/2024,NULL,NULL,NULL
10289500,10289500 Equity Share Based Payments Reserve,Equity Share Based Payments Reserve,NULL,OTHERLIABS,30/4/2024,NULL,NULL,NULL
10289700,10289700 Foreign Currency Transl Res,Foreign Currency Transl Res,NULL,OTHERLIABS,30/4/2024,NULL,NULL,NULL
10292000,10292000 Non Distributable Reserves,Non distributable reserve,NULL,OTHERLIABS,30/4/2024,NULL,NULL,NULL
10448900,10448900 Retained Income,Retained Income,NULL,OTHERLIABS,30/4/2024,NULL,NULL,NULL
10616000,10616000 Revaluation - Reserves,Revaluation - Reserves,NULL,OTHERLIABS,30/4/2024,NULL,NULL,NULL
10623900,10623900 Revaluation Surplus - Fixed Assets,Revaluation Surplus - Fixed Assets,NULL,OTHERLIABS,30/4/2024,NULL,NULL,NULL
11805400,11805400 Agritrade Loan,Agritrade Loan,NULL,INTBEARINGLIABS,30/4/2024,NULL,NULL,NULL
11805550,11805550 Credit Lines - AFDB Loan,Credit Lines - AFDB Loan,NULL,INTBEARINGLIABS,30/4/2024,NULL,NULL,NULL
11805570,11805570 Credit Lines - Afreximbank,Credit Lines - Afreximbank,NULL,INTBEARINGLIABS,30/4/2024,NULL,NULL,NULL
11805600,11805600 Credit Lines - Propaco Loan,Credit Lines - Propaco Loan,NULL,INTBEARINGLIABS,30/4/2024,NULL,NULL,NULL
11805700,11805700 Credit Lines - PTA Loan,Credit Lines - PTA Loan,NULL,INTBEARINGLIABS,30/4/2024,NULL,NULL,NULL
11805750,11805750 Credit Lines-Shelter Afri Loan,Credit Lines - Shelter Afrique Loan,NULL,INTBEARINGLIABS,30/4/2024,NULL,NULL,NULL
11805780,11805780 Credit Lines - ZADT Loan,Credit Lines - ZADT Loan,NULL,INTBEARINGLIABS,30/4/2024,NULL,NULL,NULL
11806500,11806500 Nostro FCA - Offshore Loans,Nostro FCA - Offshore Loans,NULL,EARNINGASSETS,30/4/2024,NULL,NULL,NULL
14508000,14508000 Liabilities on Guarantees,Liabilities on Guarantees,NULL,OTHERASSET,30/4/2024,NULL,NULL,NULL
14509000,14509000 Liabilities on Letters of Credits,Liabilities on Letters of Credits,NULL,OTHERLIABS,30/4/2024,NULL,NULL,NULL
14757000,14757000 Government ATM Tax,Government ATM Tax,NULL,OTHERLIABS,30/4/2024,NULL,NULL,NULL
14757100,14757100 Government Tax,Government Tax,NULL,OTHERASSET,30/4/2024,NULL,NULL,NULL
14764000,14764000 Withholding Tax Liability,Withholding Tax Liability,NULL,OTHERLIABS,30/4/2024,NULL,NULL,NULL
14785000,14785000 W/holding Tax-Treasur Dep,W/holding Tax-Treasur Dep,NULL,OTHERLIABS,30/4/2024,NULL,NULL,NULL
15301500,15301500 Mortgage HOC Premium,Mortgage HOC Premium,NULL,OTHERLIABS,30/4/2024,NULL,NULL,NULL
15301600,15301600 Mortgage Life Premium,Mortgage Life Premium,NULL,OTHERLIABS,30/4/2024,NULL,NULL,NULL
15301700,15301700 Mortgage pension premium,Mortgage pension premium,NULL,OTHERLIABS,30/4/2024,NULL,NULL,NULL
15301821,15301821 Nostro Life Protect Susp Vehic,Nostro Life Protect Susp Vehic,NULL,OTHERLIABS,30/4/2024,NULL,NULL,NULL
16301000,16301000 Accrued Expenses,Accrued Expenses,NULL,OTHERLIABS,30/4/2024,NULL,NULL,NULL
16301500,16301500 Def ValfeesonMortNostFCA,Deferred Valuation fees on Mortgages Nostro FCA,NULL,OTHERLIABS,30/4/2024,NULL,NULL,NULL
16308800,16308800 Penalty on 90days + CDI-RBZ,Penalty on 90days + CDI-RBZ,NULL,OTHERLIABS,30/4/2024,NULL,NULL,NULL
16310000,16310000 Provision for Audit Fees,Provision for Audit Fees,NULL,OTHERLIABS,30/4/2024,NULL,NULL,NULL
16311000,16311000 Provision for Bad and Doubtful Debts,Provision for Bad and Doubtful Debts,NULL,OTHERLIABS,30/4/2024,NULL,NULL,NULL
16311100,16311100 Prov Bad Debts-BusLoans,Provision for Bad Debts on Business Loans,NULL,EARNINGASSETS,30/4/2024,NULL,NULL,NULL
16311200,16311200 Prov for Bad Debts CPS Lo,Provision for Bad Debts on CPS Loans,NULL,EARNINGASSETS,30/4/2024,NULL,NULL,NULL
16311400,16311400 Prov for Bad Debts MortgB,Provision for Bad Debts on Mortgage Bonds,NULL,EARNINGASSETS,30/4/2024,NULL,NULL,NULL
16311500,16311500 Provision for Bad Debts on Rentals,Provision for Bad Debts on Rentals,NULL,OTHERASSET,30/4/2024,NULL,NULL,NULL
16311700,16311700 Prov for Bad Debts SME Lo,Prov for Bad Debts SME Lo,NULL,EARNINGASSETS,30/4/2024,NULL,NULL,NULL
16314000,16314000 Prov-Defaulting Agents,Prov-Defaulting Agents,NULL,OTHERLIABS,30/4/2024,NULL,NULL,NULL
16316000,16316000 Provision for Deferred Tax,Provision for Deferred Taxation,NULL,OTHERLIABS,30/4/2024,NULL,NULL,NULL
16338000,16338000 Provision for Ordinary Savings Overdraft,Provision for Ordinary Savings Overdraft,NULL,OTHERASSET,30/4/2024,NULL,NULL,NULL
16352000,16352000 Provision for Staff Bonus,Provision for Staff Bonus,NULL,OTHERLIABS,30/4/2024,NULL,NULL,NULL
16354000,16354000 Provision for Staff Leave,Provision for Staff Leave,NULL,OTHERLIABS,30/4/2024,NULL,NULL,NULL
16368000,16368000 Provisions & Accruals,Provisions & Accruals,NULL,OTHERLIABS,30/4/2024,NULL,NULL,NULL
16900800,16900800 Deferred Commission Inc,Deferred Commission Income,NULL,OTHERLIABS,30/4/2024,NULL,NULL,NULL
16901300,16901300 Def Int-Non-Perf BusLoans,Def Int-Non-Perf BusLoans,NULL,EARNINGASSETS,30/4/2024,NULL,NULL,NULL
16901350,16901350 Def Int-Non-Perf CPSLoans,Def Int-Non-Perf CPSLoans,NULL,EARNINGASSETS,30/4/2024,NULL,NULL,NULL
16902000,16902000 Deferred Revenue on Loan Establishment Fee,Deferred Revenue on Loan Establishment Fee,NULL,OTHERLIABS,30/4/2024,NULL,NULL,NULL
16903000,16903000 Deferred Valuation Fees on Mortgages,Deferred Valuation fees on Mortgages,NULL,OTHERLIABS,30/4/2024,NULL,NULL,NULL
17517000,17517000 Intercompany Creditors - OMHL,Intercompany Creditors - OMHL,NULL,OTHERLIABS,30/4/2024,NULL,NULL,NULL
17522000,17522000 Intercompany Creditors - OMPIC,Intercompany Creditors - OMPIC,NULL,OTHERLIABS,30/4/2024,NULL,NULL,NULL
17525000,17525000 Intercompany Creditors - RMI,Intercompany Creditors - RMI,NULL,OTHERLIABS,30/4/2024,NULL,NULL,NULL
17526000,17526000 Intercompany Creditors - RMIH,Intercompany Creditors - RMIH,NULL,OTHERLIABS,30/4/2024,NULL,NULL,NULL
18305000,18305000 Regulatory Provisions Reserves,Regulatory Provisions Reserves,NULL,OTHERLIABS,30/4/2024,NULL,NULL,NULL
18501000,18501000 Accounts Payable,Accounts Payable,NULL,OTHERLIABS,30/4/2024,NULL,NULL,NULL
18502150,18502150 Cheque Clearing suspense,Cheque Clearing Suspense,NULL,OTHERASSET,30/4/2024,NULL,NULL,NULL
18502160,18502160 CPS Insurance Premiums,CPS Insurance Premiums,NULL,OTHERLIABS,30/4/2024,NULL,NULL,NULL
18502170,18502170 CPS Pool Repayments,CPS Pool Repayments,NULL,EARNINGASSETS,30/4/2024,NULL,NULL,NULL
18502180,18502180 Credit Advance Fee Suspense,Credit Advance Fee Suspense,NULL,OTHERLIABS,30/4/2024,NULL,NULL,NULL
18502190,18502190 Credit Arrangement Fee Suspens,Credit Arrangement Fee Suspens,NULL,OTHERLIABS,30/4/2024,NULL,NULL,NULL
18502300,18502300 Demonetisation control,Demonetisation control,NULL,OTHERLIABS,30/4/2024,NULL,NULL,NULL
18502500,18502500 Dividends Payable,Dividends Payable,NULL,OTHERLIABS,30/4/2024,NULL,NULL,NULL
18502550,18502550 DSTV Subscriptions transit acc,DSTV Subscriptions transit acc,NULL,OTHERLIABS,30/4/2024,NULL,NULL,NULL
18502650,18502650 Ecocash Sund Cred - Zimswitch,Ecocash Sund Cred - Zimswitch,NULL,OTHERLIABS,30/4/2024,NULL,NULL,NULL
18502700,18502700 EFT VISA&MasterCard Liab,EFT VISA and MasterCard Liability,NULL,OTHERLIABS,30/4/2024,NULL,NULL,NULL
18502900,18502900 Export Incentive Suspense,Export Incentive Suspense,NULL,OTHERASSET,30/4/2024,NULL,NULL,NULL
18503100,18503100 Flexi - Credit Card Payments,Flexi - Credit Card Payments,NULL,EARNINGASSETS,30/4/2024,NULL,NULL,NULL
18503200,18503200 Nostro Sundry Creditors,Foreign Creditors,NULL,OTHERLIABS,30/4/2024,NULL,NULL,NULL
18503300,18503300 IMTT Recoveries,IMTT Recoveries,NULL,OTHERLIABS,30/4/2024,NULL,NULL,NULL
18503400,18503400 Income Tax,Income Tax,NULL,OTHERASSET,30/4/2024,NULL,NULL,NULL
18503470,18503470 Interfund - CAB with CUS,Interfund - CAB with CUS,NULL,OTHERLIABS,30/4/2024,NULL,NULL,NULL
18503471,18503471 Intefund- CUS with CABS,Intefund- CUS with CABS,NULL,OTHERLIABS,30/4/2024,NULL,NULL,NULL
18503600,18503600 Lease Liability,Lease Liability,NULL,OTHERLIABS,30/4/2024,NULL,NULL,NULL
18503850,18503850 Lion Finance POS Sun Cred,Lion Finance POS Sun Cred,NULL,OTHERLIABS,30/4/2024,NULL,NULL,NULL
18504300,18504300 Merchant POS Suspense,Merchant POS Suspense,NULL,OTHERLIABS,30/4/2024,NULL,NULL,NULL
18504500,18504500 Mortgage Legal Creditors,Mortgage Legal Creditors,NULL,OTHERLIABS,30/4/2024,NULL,NULL,NULL
18505380,18505380 Nostro Debt Redemption suspens,Nostro Debt Redemption suspens,None,OTHERASSETS,30/4/2024,NULL,NULL,NULL
18505400,18505400 Nostro Merchant POS Suspense,Nostro Merchant POS Suspense,NULL,OTHERLIABS,30/4/2024,NULL,NULL,NULL
18505490,18505490 Nostro Unclaimed Monies,Nostro Unclaimed Monies,NULL,OTHERLIABS,30/4/2024,NULL,NULL,NULL
18506500,18506500 Personal Loans Insur Prem,Personal Loans Insurance Premiums,NULL,OTHERLIABS,30/4/2024,NULL,NULL,NULL
18508440,18508440 Provision for Legacy Debt,Provision for Legacy Debt,NULL,EARNINGASSETS,30/4/2024,NULL,NULL,NULL
18509300,18509300 Scheme Card Revenue Suspense,Scheme Card Revenue Suspense,NULL,OTHERLIABS,30/4/2024,NULL,NULL,NULL
18509500,18509500 Share Based Payments,Share Based Payments,NULL,OTHERLIABS,30/4/2024,NULL,NULL,NULL
18509600,18509600 Stale Cheques,Stale Cheques,NULL,OTHERLIABS,30/4/2024,NULL,NULL,NULL
18510000,18510000 Sundry Creditors,Sundry Creditors,NULL,OTHERLIABS,30/4/2024,NULL,NULL,NULL
18510400,18510400 Sundry Cred-AFDB AFAWA Grant,Sundry Cred-AFDB AFAWA Grant,NULL,OTHERLIABS,30/4/2024,NULL,NULL,NULL
18510500,18510500 Sundry Creditors - Agritrade Capital,Sundry Creditors - Agritrade Capital,NULL,OTHERLIABS,30/4/2024,NULL,NULL,NULL
18510520,18510520 Sundry Crs-Bambanhas Bill,Sundry Crs-Bambanhas Bill,NULL,OTHERLIABS,30/4/2024,NULL,NULL,NULL
18510530,18510530 Sundry Crs-Electrificatn,Sundry Crs-Electrificatn,NULL,OTHERLIABS,30/4/2024,NULL,NULL,NULL
18510540,18510540 Sundry Crs-Cash Bill Payments,Sundry Creditors - Cash Bill Payments,NULL,OTHERLIABS,30/4/2024,NULL,NULL,NULL
18510541,18510541 Nostro Sund Cred Zol Bill Pymt,Nostro Sund Cred Zol Bill Pymt,NULL,OTHERLIABS,30/4/2024,NULL,NULL,NULL
18510550,18510550 Sundry Creditors - Cimas,Sundry Creditors - Cimas,NULL,OTHERLIABS,30/4/2024,NULL,NULL,NULL
18510580,18510580 Sundry Crs-City of Byo,Sundry Crs-City of Byo,NULL,OTHERLIABS,30/4/2024,NULL,NULL,NULL
18510600,18510600 Sundry Creditors - City of Gweru,Sundry Creditors - City of Gweru,NULL,OTHERLIABS,30/4/2024,NULL,NULL,NULL
18510700,18510700 Sundry Creditors - City of Harare,Sundry Creditors - City of Harare,NULL,OTHERLIABS,30/4/2024,NULL,NULL,NULL
18510750,18510750 Sundry Crs-City of Hre LD,Sundry Crs-City of Hre LD,NULL,OTHERLIABS,30/4/2024,NULL,NULL,NULL
18510780,18510780 Sundry Crs-Credifin Bill,Sundry Crs-Credifin Bill ,NULL,OTHERLIABS,30/4/2024,NULL,NULL,NULL
18510800,18510800 Sundry Creditors - Credit Lines-AECF,Sundry Creditors - Credit Lines-AECF,NULL,OTHERLIABS,30/4/2024,NULL,NULL,NULL
18511200,18511200 Sundry Crs-DSTV Bill Pmt,Sundry Crs-DSTV Bill Pmt,NULL,OTHERLIABS,30/4/2024,NULL,NULL,NULL
18511250,18511250 Sundry Creditors - Ecocash Wallet,Sundry Creditors - Ecocash Wallet,NULL,OTHERLIABS,30/4/2024,NULL,NULL,NULL
18511300,18511300 Sundry Creditors - Econet,Sundry Creditors - Econet,NULL,OTHERLIABS,30/4/2024,NULL,NULL,NULL
18511330,18511330 Sundry Creditors - Econet Bill Payments,Sundry Creditors - Econet Bill Payments,NULL,OTHERLIABS,30/4/2024,NULL,NULL,NULL
18511350,18511350 Sundry Creditors - Econet Vouchers,Sundry Creditors - Econet Vouchers,NULL,OTHERLIABS,30/4/2024,NULL,NULL,NULL
18511400,18511400 Sundry Cred - Empower Bank,Sundry Cred - Empower Bank,NULL,OTHERLIABS,30/4/2024,NULL,NULL,NULL
18511500,18511500 Sundry Creditors - FBC One Money,Sundry Creditors - FBC One Mon,NULL,OTHERLIABS,30/4/2024,NULL,NULL,NULL
18512500,18512500 Sundry Crs-GOTV Bill Pmt,Sundry Crs-GOTV Bill Pmt,NULL,OTHERLIABS,30/4/2024,NULL,NULL,NULL
18512800,18512800 Sun Drs-Housing Sale,Sun Drs-Housing Sale,NULL,OTHERASSET,30/4/2024,NULL,NULL,NULL
18513000,18513000 Sundry Creditors - Investigations,Sundry Creditors - Investigations,NULL,OTHERLIABS,30/4/2024,NULL,NULL,NULL
18513350,18513350 Sundry Crs-Madzidza Bill,Sundry Crs-Madzidza Bill ,NULL,OTHERLIABS,30/4/2024,NULL,NULL,NULL
18513380,18513380 Sundry Creditors - MasterCard,Sundry Creditors - MasterCard,NULL,OTHERASSET,30/4/2024,NULL,NULL,NULL
18513390,18513390 Sun Crs-MasCrs Nostro FCA,Sundry Cred-MasterCard Nostro,NULL,OTHERLIABS,30/4/2024,NULL,NULL,NULL
18513400,18513400 Sundry Creditors - MBCA,Sundry Creditors - MBCA,NULL,OTHERLIABS,30/4/2024,NULL,NULL,NULL
18513500,18513500 Sund Cred-Money Market Collect,Sund Cred-Money Market Collect,NULL,OTHERLIABS,30/4/2024,NULL,NULL,NULL
18513550,18513550 Sundry Creditors - NBS,Sundry Creditors - NBS,NULL,OTHERLIABS,30/4/2024,NULL,NULL,NULL
18513570,18513570 Sundry Creditors - Netone Mobile,Sundry Creditors - Netone Mobile,NULL,OTHERLIABS,30/4/2024,NULL,NULL,NULL
18513600,18513600 Sundry Creditors - Netone Vouchers,Sundry Creditors - Netone Vouchers,NULL,OTHERLIABS,30/4/2024,NULL,NULL,NULL
18513650,18513650 Sundry Crs-OM Unit Trusts,Sundry Crs-OM Unit Trusts,NULL,OTHERLIABS,30/4/2024,NULL,NULL,NULL
18513680,18513680 Sundry Crs-OMLAC Bill Pmt,Sundry Crs-OMLAC Bill Pmt,NULL,OTHERLIABS,30/4/2024,NULL,NULL,NULL
18514520,18514520 Sundry Crs-School Fee Bil,Sundry Crs-School Fee Bil,NULL,OTHERLIABS,30/4/2024,NULL,NULL,NULL
18514530,18514530 Sundry Creditors - Stanchart,Sundry Creditors - Stanchart,NULL,OTHERLIABS,30/4/2024,NULL,NULL,NULL
18514570,18514570 Sundry Creditors - Success Microfinance Bank,Sundry Creditors - Success Microfinance Bank,NULL,OTHERLIABS,30/4/2024,NULL,NULL,NULL
18514580,18514580 Sundry Creditors - Swipe to Ec,Sundry Creditors - Swipe to Ec,NULL,OTHERLIABS,30/4/2024,NULL,NULL,NULL
18514600,18514600 Sundry Creditors - Telecel Mobile,Sundry Creditors - Telecel Mobile,NULL,OTHERLIABS,30/4/2024,NULL,NULL,NULL
18514650,18514650 Sundry Creditors - Telecel Vouchers,Sundry Creditors - Telecel Vouchers,NULL,OTHERLIABS,30/4/2024,NULL,NULL,NULL
18514700,18514700 Sundry Creditors - TelOne,Sundry Creditors - TelOne,NULL,OTHERLIABS,30/4/2024,NULL,NULL,NULL
18514720,18514720 Sundry Crs-Textasure Bill,Sundry Crs-Textasure Bill,NULL,OTHERLIABS,30/4/2024,NULL,NULL,NULL
18514730,18514730 Sundry Creditors - Utande Bill Payments,Sundry Creditors - Utande Bill Payments,NULL,OTHERLIABS,30/4/2024,NULL,NULL,NULL
18514750,18514750 Sundry Creditors - Utande Vouchers,Sundry Creditors - Utande Vouchers,NULL,OTHERLIABS,30/4/2024,NULL,NULL,NULL
18514770,18514770 Sundry Crs-VBINU Vouchers,Sundry Crs-VBINU Vouchers,NULL,OTHERLIABS,30/4/2024,NULL,NULL,NULL
18514790,18514790 Sundry Creditors - VISA,Sundry Creditors - VISA,NULL,OTHERLIABS,30/4/2024,NULL,NULL,NULL
18514795,18514795 Sun Crs-VISA Nostro FCA,Sundry Creditors - VISA Nostro,NULL,OTHERLIABS,30/4/2024,NULL,NULL,NULL
18514800,18514800 Sundry Creditors - ZESA,Sundry Creditors - ZESA,NULL,OTHERLIABS,30/4/2024,NULL,NULL,NULL
18514850,18514850 Sundry Crs - ZimTrade,Sundry Crs - ZimTrade,NULL,OTHERLIABS,30/4/2024,NULL,NULL,NULL
18514870,18514870 Sun Crs-Zim WomMicrofiBnk,Sun Crs-Zim WomMicrofiBnk,NULL,OTHERLIABS,30/4/2024,NULL,NULL,NULL
18514900,18514900 Sundry Creditors - Zinwa Bill Payments,Sundry Creditors - Zinwa Bill Payments,NULL,OTHERLIABS,30/4/2024,NULL,NULL,NULL
18514905,18514905 Sund Dep-Credit Partners|0000,Sund Dep-Credit Partners,NULL,OTHERLIABS,30/4/2024,NULL,NULL,NULL
18514920,18514920 T24 AdHoc B/S Clearance,T24 AdHoc B/S Clearance,NULL,OTHERLIABS,30/4/2024,NULL,NULL,NULL
18514930,18514930 T24 RTGS Creditors Clearance,T24 RTGS Creditors Clearance,NULL,OTHERASSET,30/4/2024,NULL,NULL,NULL
18514950,18514950 Teller Cash Overage/Shortage - Investigations,Teller Cash Overage/Shortage - Investigations,NULL,OTHERLIABS,30/4/2024,NULL,NULL,NULL
18515000,18515000 Tenants Deposits,Tenants Deposits,NULL,OTHERLIABS,30/4/2024,NULL,NULL,NULL
18515800,18515800 Unclaimed Monies,Unclaimed Monies,NULL,OTHERLIABS,30/4/2024,NULL,NULL,NULL
18517500,18517500 Unrealised Discounts on Invest,Unrealised Disc-Acq Inv,NULL,EARNINGASSETS,30/4/2024,NULL,NULL,NULL
31946220,31946220 Cash at Bank-BMCEInt(USD),Cash at Bank - BMCE Bank InterN (USD) 0096601494,NULL,OTHERASSET,30/4/2024,NULL,NULL,NULL
31950000,31950000 Cash at Bank-CABS 9015347463,Cash at Bank-CABS 9015347463,NULL,OTHERASSET,30/4/2024,NULL,NULL,NULL
31983400,31983400 Cash with Bank -1125820853,Cash with Bank -1125820853,NULL,OTHERASSET,30/4/2024,NULL,NULL,NULL
31985900,31985900 Cash at Bank - CBZ bank USD,Cash at Bank-CBZ Loan Rec-02,NULL,OTHERASSET,30/4/2024,NULL,NULL,NULL
31990400,31990400 Cash at Bank - Commerzbank AUD,Cash at Bank-Commerzbank AUD,NULL,OTHERASSET,30/4/2024,NULL,NULL,NULL
31990450,31990450 Cash at Bank - Commerzbank CNY,Cash at Bank - Commerzbank CNY,NULL,OTHERASSET,30/4/2024,NULL,NULL,NULL
31990500,31990500 Cash at Bank - Commerzbank EUR,Cash at Bank-Commerzbank EURO,NULL,OTHERASSET,30/4/2024,NULL,NULL,NULL
31990620,31990620 Cash at Bank-EcoBank67601,Cash at Bank-EcoBank67601,NULL,OTHERASSET,30/4/2024,NULL,NULL,NULL
31990625,31990625 Cash at Bank-EcoBank67602,Cash at Bank-EcoBank67602,NULL,OTHERASSET,30/4/2024,NULL,NULL,NULL
31990630,31990630 Cash at Bank-EcoBank67603,Cash at Bank-EcoBank67603,NULL,OTHERASSET,30/4/2024,NULL,NULL,NULL
31990680,31990680 Cash at Bank - EcoBank USD,Cash At Bank-EcoBank Loan Re,NULL,OTHERASSET,30/4/2024,NULL,NULL,NULL
31993330,31993330 Cash at Bank - FBC Bank USD,Cash at Bank-FBC Loan Rec-61,NULL,OTHERASSET,30/4/2024,NULL,NULL,NULL
31995000,31995000 Bank FNB BOTS BWP 62333243731,Cash at Bank - FNB BOTS Nostro 62333243731,NULL,OTHERASSET,30/4/2024,NULL,NULL,NULL
31995500,31995500 Cash at Bank - FNB EURO,Cash at Bank - FNB EURO,NULL,OTHERASSET,30/4/2024,NULL,NULL,NULL
31995600,31995600 Cash at Bank - FNB GBP,Cash at Bank - FNB GBP,NULL,OTHERASSET,30/4/2024,NULL,NULL,NULL
31995700,31995700 Cash at Bank - FNB USD 628770,Cash at Bank - FNB USD 628770,NULL,OTHERASSET,30/4/2024,NULL,NULL,NULL
31996000,31996000 Bank FRB SA 9021310 ZAR,Cash at Bank - FRB SA Nostro 9021310,NULL,OTHERASSET,30/4/2024,NULL,NULL,NULL
31996500,31996500 Bank FRB SA 0332801 USD,Cash at Bank - FRB USD Nostro 0333018,NULL,OTHERASSET,30/4/2024,NULL,NULL,NULL
32006200,32006200 Bank MBCA Corp FCA USD,Cash At Bank - MBCA Corp FCAS 001023022466,NULL,OTHERASSET,30/4/2024,NULL,NULL,NULL
32009000,32009000 Bank MBCA Foliwars USD 1210310,Cash At Bank - MBCA Foliwars 121031000426,NULL,OTHERASSET,30/4/2024,NULL,NULL,NULL
32009300,32009300 Bank MBCA Foliwars ZAR 1210310,Cash At Bank - MBCA Foliwars ZAR 121031000434,NULL,OTHERASSET,30/4/2024,NULL,NULL,NULL
32010300,32010300 Bank MBCA Treasury ZAR 1210230,Cash At Bank - MBCA Treasury ZAR 121023006466,NULL,OTHERASSET,30/4/2024,NULL,NULL,NULL
32048250,32048250 Cash at B-NedNosUSD348733,Cash at Bank - Nedbank Nostro USD 11990348733,NULL,OTHERASSET,30/4/2024,NULL,NULL,NULL
32048600,32048600 Cash at Bank - NMB Bank USD,Cash at Bank-NMB Loan Rec-26,NULL,OTHERASSET,30/4/2024,NULL,NULL,NULL
32049720,32049720 CshODDO BHF-EUR-DE09,CshODDO BHF-EUR-DE09 0000,NULL,OTHERASSET,30/4/2024,NULL,NULL,NULL
32049740,32049740 CshODDO BHF-GBP-DE97 0200,CshODDO BHF-GBP-DE97 0200,NULL,OTHERASSET,30/4/2024,NULL,NULL,NULL
32049760,32049760 CshODDO BHF-USD-DE53 0100,CshODDO BHF-USD-DE53 0100,NULL,OTHERASSET,30/4/2024,NULL,NULL,NULL
32053000,32053000 Bank RBZ USD MTA Sec Deposit,Cash At Bank-RBZ MTA Securit,NULL,OTHERASSET,30/4/2024,NULL,NULL,NULL
32054000,32054000 Bank RBZ USD Settlement,Cash At Bank - RBZ Settlement Account 2020073,NULL,OTHERASSET,30/4/2024,NULL,NULL,NULL
32054500,32054500 Cash At Bank-SeRBZ2057527,Cash At Bank-SeRBZ2057527,NULL,OTHERASSET,30/4/2024,NULL,NULL,NULL
32054800,32054800 Cash At Bank - RBZ USD Nostro 25000008942,Cash At Bank - RBZ USD Nostro 25000008942,NULL,OTHERASSET,30/4/2024,NULL,NULL,NULL
32055000,32055000 Bank RBZ USD Zmsw Collat,Cash At Bank - RBZ Zimswitch Collateral 2020509,NULL,OTHERASSET,30/4/2024,NULL,NULL,NULL
32055030,32055030 RBZ ZiG Bank Account,RBZ ZiG Bank Account,NULL,OTHERASSET,30/4/2024,NULL,NULL,NULL
32055400,32055400 Bank RMB Cash Collat 3144471,Cash at Bank - RMB Cash Collateral LCS & Guarantee,NULL,OTHERASSET,30/4/2024,NULL,NULL,NULL
32055500,32055500 Structured trades collat USD,Cash at Bank - RMB (USD)-Structured TC DC13D00046,NULL,OTHERASSET,30/4/2024,NULL,NULL,NULL
32055710,32055710 Bank SARB General CPL ZAR Ac A,Cash at Bank - SARB General CPL ZAR - 20901666,NULL,OTHERASSET,30/4/2024,NULL,NULL,NULL
32055750,32055750 Bank SARB RTL Settlement ZAR,Cash at Bank - SARB RTL Settlement ZAR - 20101627,NULL,OTHERASSET,30/4/2024,NULL,NULL,NULL
32061700,32061700 Cash at Bank-SMEBidBndDep,Cash at Bank - SME Bid Bonds (Deposits),NULL,OTHERLIABS,30/4/2024,NULL,NULL,NULL
32073500,32073500 Cash at Bank - Stanbic bank US,Cash at Bank-Stanbic Loan Re,NULL,OTHERASSET,30/4/2024,NULL,NULL,NULL
32089700,32089700 Bank Stanchart EUR Ffurt0183,Cash At Bank - Stanchart EUR Frankfurt 018333501,NULL,OTHERASSET,30/4/2024,NULL,NULL,NULL
32092000,32092000 Bank Stanchart GBP GB46SCBL,Cash At Bank - Stanchart GBP GB46 SCBL 01267042901,NULL,OTHERASSET,30/4/2024,NULL,NULL,NULL
32115500,32115500 Bank Stanchart USD N/Y3582-026,Cash At Bank - Stanchart USD N/Y 3582-026441-001,NULL,OTHERASSET,30/4/2024,NULL,NULL,NULL
32123200,32123200 Cash at B-Std ZAR-7228452,Cash at B-Std ZAR-7228452,NULL,OTHERASSET,30/4/2024,NULL,NULL,NULL
32127500,32127500 Bank ZAR ZB 4178-038197-201,Cash at Bank - ZB Rands-4178-038197-201,NULL,OTHERASSET,30/4/2024,NULL,NULL,NULL
32128300,32128300 Bank USD ZB 4178-038197-200,Cash at Bank - ZB 4178-038197-200,NULL,OTHERASSET,30/4/2024,NULL,NULL,NULL
32128600,32128600 Cash at Bank - ZB Bank USD,Cash at Bank-ZB Bank Loan Re,NULL,OTHERASSET,30/4/2024,NULL,NULL,NULL
32522000,32522000 Cash with Teller,Cash with Teller,NULL,OTHERASSET,30/4/2024,NULL,NULL,NULL
32530100,32530100 Cash with Teller Mashonaland,Cash with Teller-Mashonaland,NULL,OTHERASSET,30/4/2024,NULL,NULL,NULL
32530300,32530300 Cash with Teller Matabeleland,Cash with Teller-Matabeleland,NULL,OTHERASSET,30/4/2024,NULL,NULL,NULL
32530400,32530400 Cash with Teller Manicaland,Cash with Teller-Manicaland,NULL,OTHERASSET,30/4/2024,NULL,NULL,NULL
32530500,32530500 Cash with Teller Gweru,Cash with Teller-Gweru,NULL,OTHERASSET,30/4/2024,NULL,NULL,NULL
32530600,32530600 Cash with Teller Kwekwe,Cash with Teller-Kwekwe,NULL,OTHERASSET,30/4/2024,NULL,NULL,NULL
32530700,32530700 Cash with Teller Masvingo,Cash with Teller-Masvingo,NULL,OTHERASSET,30/4/2024,NULL,NULL,NULL
32534000,32534000 Nostro Omari cash floats,Nostro Omari cash floats,NULL,OTHERASSET,30/4/2024,NULL,NULL,NULL
32639000,32639000 RMI Commission Receivable,RM Commission Receivable,NULL,OTHERASSET,30/4/2024,NULL,NULL,NULL
33171000,33171000 Prepayments,Prepayments,NULL,OTHERASSET,30/4/2024,NULL,NULL,NULL
33171100,33171100 Prepayment-City of Hre,Prepayment  - City of Harare,NULL,OTHERASSET,30/4/2024,NULL,NULL,NULL
33171500,33171500 Prepayments - City of Harare,Prepayments - City of Harare,NULL,OTHERASSET,30/4/2024,NULL,NULL,NULL
33172500,33172500 Prepayments-S/ware Licence Fee,Prepayments-S/ware Licence Fee,NULL,OTHERASSET,30/4/2024,NULL,NULL,NULL
33702000,33702000 Accrued Inc,Accrued Income,NULL,OTHERASSET,30/4/2024,NULL,NULL,NULL
33712700,33712700 Accrued Inc Monthly Serv Fees,Accrued Income - Monthly Service Fees,NULL,OTHERASSET,30/4/2024,NULL,NULL,NULL
33717000,33717000 Accrued Income Rental,Accrued Income - Rental,NULL,OTHERASSET,30/4/2024,NULL,NULL,NULL
35337000,35337000 NonCurrent Assets held for Sal,Non Current Assets held for Sale,NULL,OTHERASSET,30/4/2024,NULL,NULL,NULL
35344000,35344000 Remittance Incentive Suspense,Remittance Incentive Suspense,NULL,OTHERLIABS,30/4/2024,NULL,NULL,NULL
37104000,37104000 Office Staff Car Loans,Office Staff Car Loans,NULL,OTHERASSET,30/4/2024,NULL,NULL,NULL
37108000,37108000 Staff Car Loans,Staff Car Loans,NULL,OTHERASSET,30/4/2024,NULL,NULL,NULL
37112000,37112000 Staff Educational Loans,Staff Educational Loans,NULL,EARNINGASSETS,30/4/2024,NULL,NULL,NULL
37116000,37116000 Staff Loans,Staff Loans,NULL,EARNINGASSETS,30/4/2024,NULL,NULL,NULL
37116500,37116500 Staff Loans Management,Staff Loans - Management,NULL,EARNINGASSETS,30/4/2024,NULL,NULL,NULL
37118000,37118000 Staff Uniform Loans,Staff Uniform Loans,NULL,EARNINGASSETS,30/4/2024,NULL,NULL,NULL
37485000,37485000 Stock on Hand Fuel,Stock on Hand - Fuel,NULL,OTHERASSET,30/4/2024,NULL,NULL,NULL
37485200,37485200 Stock on Hand Fuel Coupons,Stock on Hand - Fuel - Coupons,NULL,OTHERASSET,30/4/2024,NULL,NULL,NULL
37485400,37485400 Stock on Hand Diesel,Stock on Hand - Fuel - Diesel,NULL,OTHERASSET,30/4/2024,NULL,NULL,NULL
37485600,37485600 Stock on Hand Petrol,Stock on Hand - Fuel - Petrol,NULL,OTHERASSET,30/4/2024,NULL,NULL,NULL
37490000,37490000 Stock on Hand-Staff Uniforms,Stock on Hand-Staff Uniforms,NULL,OTHERASSET,30/4/2024,NULL,NULL,NULL
37491000,37491000 Stock on Hand - Stationery,Stock on Hand - Stationery,NULL,OTHERASSET,30/4/2024,NULL,NULL,NULL
37496000,37496000 Stock on Hand - ZESA Coupons,Stock on Hand - ZESA Coupons,NULL,OTHERASSET,30/4/2024,NULL,NULL,NULL
37944000,37944000 Statutory Reserves,Statutory Reserves,NULL,OTHERASSET,30/4/2024,NULL,NULL,NULL
38249800,38249800 Active-Active Project,Active-Active Project,NULL,OTHERASSET,30/4/2024,NULL,NULL,NULL
38249810,38249810 AFC NOSTRO SUNDRY DEBTOR,AFC NOSTRO SUNDRY DEBTOR,NULL,OTHERASSET,30/4/2024,NULL,NULL,NULL
38249820,38249820 AFRICENTURY NOSTRO SUNDRY DEBT,AFRICENTURY NOSTRO SUNDRY DEBT,NULL,OTHERASSET,30/4/2024,NULL,NULL,NULL
38249830,38249830 BancABC NOSTRO SUNDRY DEBTOR,BancABC NOSTRO SUNDRY DEBTOR,NULL,OTHERASSET,30/4/2024,NULL,NULL,NULL
38250620,38250620 CBZ BANK NOSTRO SUNDRY DEBTOR,CBZ BANK NOSTRO SUNDRY DEBTOR,NULL,OTHERASSET,30/4/2024,NULL,NULL,NULL
38252000,38252000 Centralised Frauds Control,Centralised Frauds Control,NULL,OTHERASSET,30/4/2024,NULL,NULL,NULL
38252500,38252500 Direct Injection Clearing acc,Direct Injection Clearing Account,NULL,OTHERLIABS,30/4/2024,NULL,NULL,NULL
38252600,38252600 Direct Injection Nostro FCA,Direct Inject Nostro FCA,NULL,OTHERLIABS,30/4/2024,NULL,NULL,NULL
38252800,38252800 ECL Sundry Debtors,ECL sundry debtors,NULL,OTHERASSET,30/4/2024,NULL,NULL,NULL
38252820,38252820 ECOBANK NOSTRO SUNDRY DEBTOR,ECOBANK NOSTRO SUNDRY DEBTOR,NULL,OTHERASSET,30/4/2024,NULL,NULL,NULL
38252920,38252920 Ecocash NOSTRO SUNDRY DEBTOR,Ecocash NOSTRO SUNDRY DEBTOR,NULL,OTHERASSET,30/4/2024,NULL,NULL,NULL
38252950,38252950 Ecocash Sund Debt - Zimswitch,Ecocash Sund Debt - Zimswitch,NULL,OTHERASSET,30/4/2024,NULL,NULL,NULL
38252975,38252975 Empowerbank NOSTRO SUNDRY DEBT,Empowerbank NOSTRO SUNDRY DEBT,NULL,OTHERASSET,30/4/2024,NULL,NULL,NULL
38252980,38252980 FBC Building Society NOSTRO S,FBC Building Society NOSTRO S,NULL,OTHERASSET,30/4/2024,NULL,NULL,NULL
38252985,38252985 FBC NOSTRO SUNDRY DEBTOR,FBC NOSTRO SUNDRY DEBTOR,NULL,OTHERASSET,30/4/2024,NULL,NULL,NULL
38252990,38252990 FCB NOSTRO SUNDRY DEBTOR,FCB NOSTRO SUNDRY DEBTOR,NULL,OTHERASSET,30/4/2024,NULL,NULL,NULL
38253000,38253000 Flexi-Credit Disbursements,Flexi-Credit Card Purchases,NULL,EARNINGASSETS,30/4/2024,NULL,NULL,NULL
38254000,38254000 Foreign Debtors,Foreign Debtors,NULL,OTHERASSET,30/4/2024,NULL,NULL,NULL
38254100,38254100 GETBUCKS NOSTRO SUNDRY DEBTOR,GETBUCKS NOSTRO SUNDRY DEBTOR,NULL,OTHERASSET,30/4/2024,NULL,NULL,NULL
38258400,38258400 Lion Finance POS Sun Deb,Lion Finance POS Sun debt,NULL,OTHERASSET,30/4/2024,NULL,NULL,NULL
38258550,38258550 Metbank NOSTRO SUNDRY DEBTOR,Metbank NOSTRO SUNDRY DEBTOR,NULL,OTHERASSET,30/4/2024,NULL,NULL,NULL
38259000,38259000 MTA Collateral Security- RBZ,MTA Collateral Security Balance with RBZ,NULL,OTHERASSET,30/4/2024,NULL,NULL,NULL
38259010,38259010 NatBuild Soc NOSTRO SUNDRY DEB,NatBuild Soc NOSTRO SUNDRY DEB,NULL,OTHERASSET,30/4/2024,NULL,NULL,NULL
38259020,38259020 Nedbank NOSTRO SUNDRY DEBTOR,Nedbank NOSTRO SUNDRY DEBTOR,NULL,OTHERASSET,30/4/2024,NULL,NULL,NULL
38259060,38259060 NMB Bank NOSTRO SUNDRY DEBTOR,NMB Bank NOSTRO SUNDRY DEBTOR,NULL,OTHERASSET,30/4/2024,NULL,NULL,NULL
38260100,38260100 OMARI POS Nostro Sundry Debtor,OMARI POS Nostro Sundry Debtor,NULL,OTHERASSET,30/4/2024,NULL,NULL,NULL
38260300,38260300 ONE WALLET FBC NOSTRO SUNDRY D,ONE WALLET FBC NOSTRO SUNDRY D,NULL,OTHERASSET,30/4/2024,NULL,NULL,NULL
38262000,38262000 Petty Cash,Petty Cash,NULL,OTHERASSET,30/4/2024,NULL,NULL,NULL
38264200,38264200 POSB NOSTRO SUNDRY DEBTOR,POSB NOSTRO SUNDRY DEBTOR,NULL,OTHERASSET,30/4/2024,NULL,NULL,NULL
38264700,38264700 STANBIC NOSTRO SUNDRY DEBTOR,STANBIC NOSTRO SUNDRY DEBTOR,NULL,OTHERASSET,30/4/2024,NULL,NULL,NULL
38264800,38264800 STD Chart NOSTRO SUNDRY DEBTOR,STD Chart NOSTRO SUNDRY DEBTOR,NULL,OTHERASSET,30/4/2024,NULL,NULL,NULL
38264900,38264900 Steward NOSTRO SUNDRY DEBTOR,Steward NOSTRO SUNDRY DEBTOR,NULL,OTHERASSET,30/4/2024,NULL,NULL,NULL
38265400,38265400 Success NOSTRO SUNDRY DEBTOR,Success NOSTRO SUNDRY DEBTOR,NULL,OTHERASSET,30/4/2024,NULL,NULL,NULL
38266000,38266000 Sundry Debt,Sundry Debtors,NULL,OTHERASSET,30/4/2024,NULL,NULL,NULL
38266300,38266300 Sun Drs-African Century,Sundry Debtors - African Century,NULL,OTHERASSET,30/4/2024,NULL,NULL,NULL
38266500,38266500 Sundry Debt Agribank,Sundry Debtors - Agribank,NULL,OTHERASSET,30/4/2024,NULL,NULL,NULL
38266800,38266800 Sundry Debt BANCABC,Sundry Debtors - BANCABC,NULL,OTHERASSET,30/4/2024,NULL,NULL,NULL
38267000,38267000 Sundry Debt Barclays,Sundry Debtors - Barclays,NULL,OTHERASSET,30/4/2024,NULL,NULL,NULL
38267500,38267500 Sundry Debt CBZ,Sundry Debtors - CBZ,NULL,OTHERASSET,30/4/2024,NULL,NULL,NULL
38267600,38267600 Sundry Debt Clearing Account,Sundry Debtors - Clearing Account,NULL,OTHERASSET,30/4/2024,NULL,NULL,NULL
38268500,38268500 Sundry Debt ECOBANK,Sundry Debtors - ECOBANK,NULL,OTHERASSET,30/4/2024,NULL,NULL,NULL
38268800,38268800 Sundry Drs-Ecocash,Sundry Debtors - Ecocash,NULL,OTHERASSET,30/4/2024,NULL,NULL,NULL
38268850,38268850 Sun Drs-Ecocash Wallet,Sundry Debtors - Ecocash Wallet,NULL,OTHERASSET,30/4/2024,NULL,NULL,NULL
38270100,38270100 Sundry Debt - Empower Bank,Sundry Debt - Empower Bank,NULL,OTHERASSET,30/4/2024,NULL,NULL,NULL
38270200,38270200 Sundry Debtors - FCA USD,Sundry Debtors - FCA USD,NULL,OTHERASSET,30/4/2024,NULL,NULL,NULL
38270300,38270300 Sundry Debt FBC Bank,Sundry Debtors - FBC Bank,NULL,OTHERASSET,30/4/2024,NULL,NULL,NULL
38270400,38270400 Sundry Debt FBC BS,Sundry Debtors - FBC BS,NULL,OTHERASSET,30/4/2024,NULL,NULL,NULL
38270600,38270600 Sundry Debtors - FBC One Money,Sundry Debtors - FBC One Money,NULL,OTHERASSET,30/4/2024,NULL,NULL,NULL
38270800,38270800 Sundry Debtors-Get Bucks,Sundry Debtors-Get Bucks,NULL,OTHERASSET,30/4/2024,NULL,NULL,NULL
38274000,38274000 Sundry Drs-H/Off Refresh,Sundry Drs-H/Off Refresh,NULL,OTHERASSET,30/4/2024,NULL,NULL,NULL
38274500,38274500 Sundry Debtors - Housing Sales,Sundry Debtors - Housing Sales,NULL,OTHERASSET,30/4/2024,NULL,NULL,NULL
38278400,38278400 Sundry Debtor Mastercard,Sundry Debtors - MasterCard,NULL,OTHERASSET,30/4/2024,NULL,NULL,NULL
38278500,38278500 Sundry Drs-MasterCard Collater,Sundry Debtors - MasterCard Collateral,NULL,OTHERASSET,30/4/2024,NULL,NULL,NULL
38278600,38278600 Sun Drs-MasCrd Nostro FCA,Sundry Debt-MasterCard Nostro,NULL,OTHERASSET,30/4/2024,NULL,NULL,NULL
38279000,38279000 Sundry Debt MBCA,Sundry Debtors - MBCA,NULL,OTHERASSET,30/4/2024,NULL,NULL,NULL
38280500,38280500 Sundry Debt METBANK,Sundry Debtors - METBANK,NULL,OTHERASSET,30/4/2024,NULL,NULL,NULL
38281300,38281300 Sundry Debtors - NBS,Sundry Debtors - NBS,NULL,OTHERASSET,30/4/2024,NULL,NULL,NULL
38281500,38281500 Sundry Debt NMB,Sundry Debtors - NMB,NULL,OTHERASSET,30/4/2024,NULL,NULL,NULL
38283000,38283000 Sundry Debt POSB,Sundry Debtors - POSB,NULL,OTHERASSET,30/4/2024,NULL,NULL,NULL
38284500,38284500 Sundry Debt Returned Cheques,Sundry Debtors - Returned Cheques,NULL,OTHERASSET,30/4/2024,NULL,NULL,NULL
38284600,38284600 Sundry Debt Returned DR Orders,Sundry Debtors - Returned Debit Orders,NULL,OTHERASSET,30/4/2024,NULL,NULL,NULL
38285000,38285000 Sundry Debt Staff Canteen,Sundry Debtors - Staff Canteen,NULL,OTHERASSET,30/4/2024,NULL,NULL,NULL
38285200,38285200 Sundry Debt Stan Chart,Sundry Debtors - Stan Chart,NULL,OTHERASSET,30/4/2024,NULL,NULL,NULL
38285300,38285300 Sundry Debt Stanbic,Sundry Debtors - Stanbic,NULL,OTHERASSET,30/4/2024,NULL,NULL,NULL
38285350,38285350 Sundry Debtors Steward Bank,Sundry Debtors - Steward Bank,NULL,OTHERASSET,30/4/2024,NULL,NULL,NULL
38285360,38285360 Sun Drs Stop Ord Arrange,Sun Drs Stop Ord Arrange,NULL,OTHERASSET,30/4/2024,NULL,NULL,NULL
38285370,38285370 Sun Drs-Succes MicrofiBnk,Sun Drs-Succes MicrofiBnk,NULL,OTHERASSET,30/4/2024,NULL,NULL,NULL
38285750,38285750 VISA DEBTORS ACCOUNT,Sundry Debtors - VISA,NULL,OTHERASSET,30/4/2024,NULL,NULL,NULL
38285800,38285800 Sundry Drs-VisaCard Collt,Sundry Debtors - VisaCard Collateral,NULL,OTHERASSET,30/4/2024,NULL,NULL,NULL
38285900,38285900 Sun Drs-VISA Nostro FCA,Sundry Debtors-VISA Nostro,NULL,OTHERASSET,30/4/2024,NULL,NULL,NULL
38289000,38289000 Sundry Debt ZB Bldg Society,Sundry Debtors - ZB Building Society,NULL,OTHERASSET,30/4/2024,NULL,NULL,NULL
38291000,38291000 Sundry Debt Zimbank,Sundry Debtors - Zimbank,NULL,OTHERASSET,30/4/2024,NULL,NULL,NULL
38292000,38292000 Sun Drs-Zim WomMicrofiBnk,Sun Drs-Zim WomMicrofiBnk,NULL,OTHERASSET,30/4/2024,NULL,NULL,NULL
38301000,38301000 VISA & MasterCard Project,VISA and MasterCard Project,NULL,OTHERASSET,30/4/2024,NULL,NULL,NULL
38302000,38302000 ZB Bank NOSTRO SUNDRY DEBTOR,ZB Bank NOSTRO SUNDRY DEBTOR,NULL,OTHERASSET,30/4/2024,NULL,NULL,NULL
38303000,38303000 ZWMBANK NOSTRO SUNDRY DEBTOR,ZWMBANK NOSTRO SUNDRY DEBTOR,NULL,OTHERASSET,30/4/2024,NULL,NULL,NULL
38482800,38482800 Accr Int - Bankers Acceptances,Accr Int - Bankers Acceptances,NULL,EARNINGASSETS,30/4/2024,NULL,NULL,NULL
38483000,38483000 Bankers Acceptance (Asset),Bankers Acceptances (BUY),NULL,EARNINGASSETS,30/4/2024,NULL,NULL,NULL
39945805,39945805 Prop Invest - VAT Output,Prop Invest - VAT Output,NULL,OTHERASSET,30/4/2024,NULL,NULL,NULL
39946000,39946000 VAT Output,VAT Output,NULL,OTHERASSET,30/4/2024,NULL,NULL,NULL
41035500,41035500 Cash In Transit Cash Imports,Cash In Transit-Cash Imports,NULL,OTHERASSET,30/4/2024,NULL,NULL,NULL
41036000,41036000 Cash In Transit InterBr Ctrl,Cash In Trans-Inter Brnch Ctrl,NULL,OTHERASSET,30/4/2024,NULL,NULL,NULL
41045500,41045500 Equity Trade Security-RBZ,Equity Trade Security – RBZ,NULL,OTHERASSET,30/4/2024,NULL,NULL,NULL
41047150,41047150 Mastercard control account,MasterCard Control,NULL,OTHERASSET,30/4/2024,NULL,NULL,NULL
41047160,41047160 Mastercard Control - Nostro FC,Mastercard Control - Nostro FC,NULL,OTHERASSET,30/4/2024,NULL,NULL,NULL
41047180,41047180 Merchant Card Replacement,Merchant Card Replacement,NULL,OTHERLIABS,30/4/2024,NULL,NULL,NULL
41053500,41053500 Non-CABS Banked Settlem,Non-CABS Banked Settlements,NULL,OTHERLIABS,30/4/2024,NULL,NULL,NULL
41053530,41053530 y Merchant Services,One Money Merchant Servic,NULL,OTHERLIABS,30/4/2024,NULL,NULL,NULL
41054365,41054365 RBZ Clearing account EUR,RBZ Clearing account-EUR,NULL,OTHERASSET,30/4/2024,NULL,NULL,NULL
41054367,41054367 RBZ Clearing account-GBP,RBZ Clearing account-GBP,NULL,OTHERASSET,30/4/2024,NULL,NULL,NULL
41054370,41054370 RBZ Clearing account ZAR,RBZ Clearing account-ZAR,NULL,OTHERASSET,30/4/2024,NULL,NULL,NULL
41054380,41054380 Savings Control Clearing-CABS,Savings Control Clearing-CABS,NULL,OTHERASSET,30/4/2024,NULL,NULL,NULL
41054385,41054385 Scheme Card Balances,Scheme Card Balances,NULL,OTHERLIABS,30/4/2024,NULL,NULL,NULL
41054820,41054820 Travellers Cheques Stock,Traveller's Cheques-Unused Stock,NULL,OTHERASSET,30/4/2024,NULL,NULL,NULL
41070600,41070600 Unallocated CUS-CABS9015347463,Unallocated CUS-CABS9015347463,NULL,OTHERLIABS,30/4/2024,NULL,NULL,NULL
41081000,41081000 Visa control Account,VISA Control,NULL,OTHERASSET,30/4/2024,NULL,NULL,NULL
41081400,41081400 VISA Control - Nostro FCA,VISA Control-Nostro FCA ,NULL,OTHERLIABS,30/4/2024,NULL,NULL,NULL
42054800,42054800 Cash At Bank-RBZ USD Nost,Cash at Bank RBZ Nostro,NULL,OTHERASSET,30/4/2024,NULL,NULL,NULL
43726000,43726000 Interest Control,Interest Control,NULL,OTHERASSET,30/4/2024,NULL,NULL,NULL
44269700,44269700 ATM Cash Balances,ATM Cash Balances,NULL,OTHERASSET,30/4/2024,NULL,NULL,NULL
44271500,44271500 CPS Flexicard revenues,CPS Flexi Credit Collections Control,NULL,OTHERLIABS,30/4/2024,NULL,NULL,NULL
44272000,44272000 Position Management,Currency Control,NULL,OTHERLIABS,30/4/2024,NULL,NULL,NULL
44272600,44272600 Ecocash Wallet Suspense,Ecocash Wallet Suspense,NULL,OTHERLIABS,30/4/2024,NULL,NULL,NULL
44272800,44272800 Exchange Control Prepayments,Exchange Prepayments Control,NULL,OTHERASSET,30/4/2024,NULL,NULL,NULL
44275000,44275000 General Suspense Control,General Suspense Control,NULL,OTHERLIABS,30/4/2024,NULL,NULL,NULL
44275100,44275100 InterBranch Suspense,Interbranch System Control,NULL,OTHERLIABS,30/4/2024,NULL,NULL,NULL
44275530,44275530 Mortgage Repayment Susp,Mortgage Repayment Suspense,NULL,EARNINGASSETS,30/4/2024,NULL,NULL,NULL
44275550,44275550 MTA Suspense Control,MTA Suspense Control,NULL,OTHERLIABS,30/4/2024,NULL,NULL,NULL
44275700,44275700 Netone Wallet Suspense,Netone Wallet Suspense,NULL,OTHERASSET,30/4/2024,NULL,NULL,NULL
44276320,44276320 Nostro Housing Collections Sus,Nostro Housing Collections Sus,NULL,OTHERLIABS,30/4/2024,NULL,NULL,NULL
44276340,44276340 Nostro Mortg repayment suspens,Nostro Mortg repayment suspens,NULL,EARNINGASSETS,30/4/2024,NULL,NULL,NULL
44276360,44276360 Nostro Motor Insurance Schemes,Nostro Motor Insurance Schemes,NULL,OTHERLIABS,30/4/2024,NULL,NULL,NULL
44276380,44276380 Nostro Sinking Funds Suspense,Nostro Sinking Funds Suspense,NULL,OTHERLIABS,30/4/2024,NULL,NULL,NULL
44276385,44276385 Nostro Sundry Persons Control,Nostro Sundry Persons Control,NULL,OTHERASSET,30/4/2024,NULL,NULL,NULL
44276420,44276420 Nostro Zimswitch Control,Nostro Zimswitch Control,NULL,OTHERASSET,30/4/2024,NULL,NULL,NULL
44281600,44281600 Paynet Wash Account,Sundry Persons Control,NULL,OTHERLIABS,30/4/2024,NULL,NULL,NULL
44281750,44281750 Take on reconciling items,T24 Migration Suspense (Take on only),NULL,OTHERASSET,30/4/2024,NULL,NULL,NULL
44281800,44281800 Agents and Merchants Sundry Ac,T24 System Suspense Control,NULL,OTHERLIABS,30/4/2024,NULL,NULL,NULL
44283000,44283000 Unalloc F/Assets Purch Ctrl,Unallocated Fixed Asset Purchases Control,NULL,OTHERASSET,30/4/2024,NULL,NULL,NULL
44283500,44283500 Unauthorised Overdrawn Ac,Unauthorised Overdrawn Accounts,NULL,OTHERASSET,30/4/2024,NULL,NULL,NULL
44284000,44284000 Unrecallable funds,Unrecalleable Funds,NULL,OTHERASSET,30/4/2024,NULL,NULL,NULL
44320000,44320000 Zimswitch Ctrl,Zimswitch Control,NULL,OTHERASSET,30/4/2024,NULL,NULL,NULL
44340000,44340000 Suspended Interest ZRP Hse Pro,ZRP Housing Project Interest Suspense,NULL,OTHERASSET,30/4/2024,NULL,NULL,NULL
45357500,45357500 Rev Internal Accs Control,Rev Internal Accs Control,NULL,OTHERLIABS,30/4/2024,NULL,NULL,NULL
45730000,45730000 OM Group Funeral Plan Ctrl,OM Group Funeral Plan Control,NULL,OTHERLIABS,30/4/2024,NULL,NULL,NULL
45732000,45732000 Salaries Ctrl,Salaries Control,NULL,OTHERLIABS,30/4/2024,NULL,NULL,NULL
45734000,45734000 Salaries Deduction Ctrl,Salaries Deduction Control,NULL,OTHERLIABS,30/4/2024,NULL,NULL,NULL
45743000,45743000 Staff Medical Aid Fund Ctrl,Staff Medical Aid Fund Control,NULL,OTHERASSET,30/4/2024,NULL,NULL,NULL
45746000,45746000 Staff PAYE Ctrl,Staff PAYE Control,NULL,OTHERLIABS,30/4/2024,NULL,NULL,NULL
45748000,45748000 Staff Pension Fund Ctrl,Staff Pension Fund Control,NULL,OTHERLIABS,30/4/2024,NULL,NULL,NULL
45752000,45752000 Staff Social Sec Fund Ctrl,Staff Social Security Fund Control,NULL,OTHERLIABS,30/4/2024,NULL,NULL,NULL
45754000,45754000 Statutory Deductions Ctrl,Statutory Deductions Control,NULL,OTHERLIABS,30/4/2024,NULL,NULL,NULL
46428400,46428400 Clearing - Fixed Assets-Boats,Clearing - Fixed Assets-Boats,NULL,OTHERASSET,30/4/2024,NULL,NULL,NULL
46428600,46428600 Clearing F/Assets Comp Equip,Clearing - Fixed Assets-Computer Equipment,NULL,OTHERASSET,30/4/2024,NULL,NULL,NULL
46428650,46428650 Clearing-FixAsset-Fix&Fit,Clearing-FixAsset-Fix&Fit,NULL,OTHERASSET,30/4/2024,NULL,NULL,NULL
46428700,46428700 Clearing - Fixed Assets-Furniture & Equipment,Clearing - Fixed Assets-Furniture & Equipment,NULL,OTHERASSET,30/4/2024,NULL,NULL,NULL
46428800,46428800 Clearing - Fixed Assets-Motor Vehicles,Clearing - Fixed Assets-Motor Vehicles,NULL,OTHERASSET,30/4/2024,NULL,NULL,NULL
46429000,46429000 Clearing F/Assets Purchases,Clearing - Fixed Assets Purchases,NULL,OTHERASSET,30/4/2024,NULL,NULL,NULL
46429170,46429170 Fixed Assets Acquisitions-Boats,Fixed Assets Acquisitions-Boats,NULL,OTHERASSET,30/4/2024,NULL,NULL,NULL
46429210,46429210 F/Assets Acquisit Comp Equip,Fixed Assets Acquisitions-Computer Equipment,NULL,OTHERASSET,30/4/2024,NULL,NULL,NULL
46429230,46429230 Fixed AssetAcquis-Fix&Fit,Fixed AssetAcquis-Fix&Fit,NULL,OTHERASSET,30/4/2024,NULL,NULL,NULL
46429250,46429250 F/Assets Acquisit Furn & Equip,Fixed Assets Acquisitions-Furniture & Equipment,NULL,OTHERASSET,30/4/2024,NULL,NULL,NULL
46429290,46429290 F/Assets Acquisit House Boat,Fixed Assets Acquisitions-House Boat,NULL,OTHERASSET,30/4/2024,NULL,NULL,NULL
46429330,46429330 Fixed Assets Acquisitions-Land & Buildings,Fixed Assets Acquisitions-Land & Buildings,NULL,OTHERASSET,30/4/2024,NULL,NULL,NULL
46429350,46429350 Fixed Assets Acquisitions-Land & Buildings-Own Occ,Fixed Assets Acquisitions-Land & Buildings-Own Occ,NULL,OTHERASSET,30/4/2024,NULL,NULL,NULL
46429370,46429370 F/Assets Acquisit M/Vehicles,Fixed Assets Acquisitions-Motor Vehicles,NULL,OTHERASSET,30/4/2024,NULL,NULL,NULL
46429450,46429450 Fixed Assets Acq-Software,Fixed Assets Acquisitions-Software Capitalised,NULL,OTHERASSET,30/4/2024,NULL,NULL,NULL
46429500,46429500 POP Accrual Control,POP Accrual Control,NULL,OTHERLIABS,30/4/2024,NULL,NULL,NULL
46429700,46429700 Sub Module Inter Co Clear,Sub Module Inter Co Clear,NULL,OTHERASSET,30/4/2024,NULL,NULL,NULL
46430000,46430000 System Control,System Control,NULL,OTHERASSET,30/4/2024,NULL,NULL,NULL
46440000,46440000 WHT System Offset Ctrl,Withholding Tax System Offset Control,NULL,OTHERLIABS,30/4/2024,NULL,NULL,NULL
47662500,47662500 VAT Control,VAT Control,NULL,OTHERLIABS,30/4/2024,NULL,NULL,NULL
47667000,47667000 WHT Overseas Remittances,Withholding Tax On Overseas Remittances,NULL,OTHERASSET,30/4/2024,NULL,NULL,NULL
48276500,48276500 Intercompany Balances-BAL,Intercompany Balances-BAL,NULL,OTHERASSET,30/4/2024,NULL,NULL,NULL
48278000,48278000 Intercompany Balance - CABS,Intercompany Balances-CABS,NULL,OTHERASSET,30/4/2024,NULL,NULL,NULL
48279000,48279000 Intercompany Balances-CCP,Intercompany Balances-CCP,NULL,OTHERASSET,30/4/2024,NULL,NULL,NULL
48279050,48279050 Intercompany Balances-CPE,Intercompany Balances - CPE,NULL,OTHERASSET,30/4/2024,NULL,NULL,NULL
48279100,48279100 Intercompany Balances-DAT,Intercompany Balances - DAT,NULL,OTHERASSET,30/4/2024,NULL,NULL,NULL
48279200,48279200 Intercompany Balances-EQF,Intercompany Balances-EQF,NULL,OTHERASSET,30/4/2024,NULL,NULL,NULL
48279400,48279400 Intercompany Balances - FIN,Intercompany Balances - FIN,NULL,OTHERASSET,30/4/2024,NULL,NULL,NULL
48279500,48279500 Intercompany Balances -Frittwe,Intercompany Balances - FRITTLE,NULL,OTHERASSET,30/4/2024,NULL,NULL,NULL
48279600,48279600 Intercompany Balances-GRS,Intercompany Balances-GRS,NULL,OTHERASSET,30/4/2024,NULL,NULL,NULL
48279650,48279650 InterCo Bals IES,Intercompany Balances - IES,NULL,OTHERASSET,30/4/2024,NULL,NULL,NULL
48279700,48279700 Intercompany Balances-LCF,Intercompany Balances-LCF,NULL,OTHERASSET,30/4/2024,NULL,NULL,NULL
48280000,48280000 Intercompany Balances-M & F,Intercompany Balances-M & F,NULL,OTHERASSET,30/4/2024,NULL,NULL,NULL
48280300,48280300 InterCo Bals MIS,Intercompany Balances - MIS,NULL,OTHERASSET,30/4/2024,NULL,NULL,NULL
48280500,48280500 Intercompany Balances-MMF,Intercompany Balances-MMF,NULL,OTHERASSET,30/4/2024,NULL,NULL,NULL
48281500,48281500 InterCo Bals OM Fund Trust,Intercompany Balances - OMF (Foundation Trust),NULL,OTHERASSET,30/4/2024,NULL,NULL,NULL
48283000,48283000 Intercompany Balances-OMAM,Intercompany Balances-OMAM,NULL,OTHERASSET,30/4/2024,NULL,NULL,NULL
48284000,48284000 InterCo Bals OMCUS,Intercompany Balances - OMCUS,NULL,OTHERASSET,30/4/2024,NULL,NULL,NULL
48285000,48285000 InterCo Bals OMHL,Intercompany Balances - OMHL,NULL,OTHERLIABS,30/4/2024,NULL,NULL,NULL
48291800,48291800 InterCo Bals OMIG,Intercompany Balances - OMIG,NULL,OTHERASSET,30/4/2024,NULL,NULL,NULL
48292000,48292000 InterCo Bals OMIGPI,Intercompany Balances - OMIGPI,NULL,OTHERLIABS,30/4/2024,NULL,NULL,NULL
48294000,48294000 InterCo Bals OMLAC,Intercompany Balances - OMLAC,NULL,OTHERASSET,30/4/2024,NULL,NULL,NULL
48295000,48295000 Intercompany Balances-OMLACSA,Intercompany Balances - OMLAC (SA),NULL,OTHERLIABS,30/4/2024,NULL,NULL,NULL
48297000,48297000 Intercompany Balances - OMPIC,Intercompany Balances - OMPIC,NULL,OTHERASSET,30/4/2024,NULL,NULL,NULL
48298000,48298000 InterCo Bals OMSEC,Intercompany Balances - OMSEC,NULL,OTHERASSET,30/4/2024,NULL,NULL,NULL
48299000,48299000 InterCo Bals OMSS,Intercompany Balances - OMSS,NULL,OTHERASSET,30/4/2024,NULL,NULL,NULL
48300000,48300000 Intercompany Balances-OMUT,Intercompany Balances-OMUT,NULL,OTHERASSET,30/4/2024,NULL,NULL,NULL
48302000,48302000 InterCo Bals RMI,Intercompany Balances - RMI,NULL,OTHERLIABS,30/4/2024,NULL,NULL,NULL
48302500,48302500 Intercompany Balances-RMIH,Intercompany Balances-RMIH,NULL,OTHERLIABS,30/4/2024,NULL,NULL,NULL
48303500,48303500 Intercompany Balances-SCF,Intercompany Balances-SCF,NULL,OTHERASSET,30/4/2024,NULL,NULL,NULL
48318174,48318174 Prop Invest - Intercompany Balances - CABS,Prop Invest - Intercompany Balances - CABS,NULL,OTHERLIABS,30/4/2024,NULL,NULL,NULL
48318178,48318178 Prop Invest - Intercompany Balances - OMIGPI,Prop Invest - Intercompany Balances - OMIGPI,NULL,OTHERASSET,30/4/2024,NULL,NULL,NULL
48318200,48318200 Rental Prepayments CCP,Rental Prepayments - CCP,NULL,OTHERASSET,30/4/2024,NULL,NULL,NULL
48318300,48318300 Rental Prepayments OMPIC,Rental Prepayments - OMPIC,NULL,OTHERASSET,30/4/2024,NULL,NULL,NULL
48318400,48318400 Rental Prepayments - OMLAC,Rental Prepayments - OMLAC,NULL,OTHERASSET,30/4/2024,NULL,NULL,NULL
48595000,48595000 Intercompany Debtors - M & F,Intercompany Debtors - M & F,NULL,OTHERASSET,30/4/2024,NULL,NULL,NULL
19000150,19000150 Nedbank NOSTRO SUNDRY CREDIT,Nedbank NOSTRO SUNDRY CREDIT,NULL,OTHERLIABS,30/4/2024,NULL,NULL,NULL
19000160,19000160 NMB Bank NOSTRO SUNDRY CREDIT,NMB Bank NOSTRO SUNDRY CREDIT,NULL,OTHERLIABS,30/4/2024,NULL,NULL,NULL
19000170,19000170 Omari NOSTRO SUNDRY CREDIT,Omari NOSTRO SUNDRY CREDIT,NULL,OTHERLIABS,30/4/2024,NULL,NULL,NULL
19000180,19000180 ONE WALLET FBC NOSTRO SUNDRY C,ONE WALLET FBC NOSTRO SUNDRY C,NULL,OTHERLIABS,30/4/2024,NULL,NULL,NULL
19000190,19000190 POSB NOSTRO SUNDRY CREDIT,POSB NOSTRO SUNDRY CREDIT,NULL,OTHERLIABS,30/4/2024,NULL,NULL,NULL
19000200,19000200 POS Sundry Creditor-African Century,POS Sundry Creditor-African Century,NULL,OTHERLIABS,30/4/2024,NULL,NULL,NULL
19000300,19000300 POS Sundry Creditor-Agribank,POS Sundry Creditor-Agribank,NULL,OTHERLIABS,30/4/2024,NULL,NULL,NULL
19000400,19000400 POS Sundry Creditor-BANCABC,POS Sundry Creditor-BANCABC,NULL,OTHERLIABS,30/4/2024,NULL,NULL,NULL
19000600,19000600 POS Sundry Creditor-Barclays,POS Sundry Creditor-Barclays,NULL,OTHERLIABS,30/4/2024,NULL,NULL,NULL
19001000,19001000 POS Sundry Creditor-CBZ Bank,POS Sundry Creditor-CBZ Bank,NULL,OTHERLIABS,30/4/2024,NULL,NULL,NULL
19002500,19002500 POS Sundry Crs-Ecocash,POS Sundry Creditor-Ecocash,NULL,OTHERLIABS,30/4/2024,NULL,NULL,NULL
19003000,19003000 POS Sundry Creditor-FBC BS,POS Sundry Creditor-FBC BS,NULL,OTHERLIABS,30/4/2024,NULL,NULL,NULL
19004000,19004000 POS Sundry Creditor-First Bank,POS Sundry Creditor-First Bank,NULL,OTHERLIABS,30/4/2024,NULL,NULL,NULL
19004500,19004500 POS Sun Cred-Get Bucks|0000,POS Sun Cred-Get Bucks,NULL,OTHERLIABS,30/4/2024,NULL,NULL,NULL
19005000,19005000 POS Sundry Creditor-Interfin Bank,POS Sundry Creditor-Interfin Bank,NULL,OTHERLIABS,30/4/2024,NULL,NULL,NULL
19006500,19006500 POS Sundry Creditor-Medix Pharmacy,POS Sundry Creditor-Medix Pharmacy,NULL,OTHERLIABS,30/4/2024,NULL,NULL,NULL
19006700,19006700 POS Sundry Creditor-MET Bank,POS Sundry Creditor-MET Bank,NULL,OTHERLIABS,30/4/2024,NULL,NULL,NULL
19007000,19007000 POS Sundry Creditor-NMB Bank,POS Sundry Creditor-NMB Bank,NULL,OTHERLIABS,30/4/2024,NULL,NULL,NULL
19008500,19008500 POS Sundry Creditor-POSB,POS Sundry Creditor-POSB,NULL,OTHERLIABS,30/4/2024,NULL,NULL,NULL
19009500,19009500 POS Sundry Creditor-Stanbic,POS Sundry Creditor-Stanbic,NULL,OTHERLIABS,30/4/2024,NULL,NULL,NULL
19009550,19009550 POS Sundry Cred-Steward Bank,POS Sundry Creditor-Steward Bank,NULL,OTHERLIABS,30/4/2024,NULL,NULL,NULL
19012000,19012000 POS Sundry Creditor-ZB Bank,POS Sundry Creditor-ZB Bank,NULL,OTHERLIABS,30/4/2024,NULL,NULL,NULL
19013000,19013000 POS Sundry Creditor-Ecobank,POS Sundry Creditor-Ecobank,NULL,OTHERLIABS,30/4/2024,NULL,NULL,NULL
19015000,19015000 STANBIC NOSTRO SUNDRY CREDIT,STANBIC NOSTRO SUNDRY CREDIT,NULL,OTHERLIABS,30/4/2024,NULL,NULL,NULL
19016000,19016000 Steward Nostro Sundry Creditor,Steward Nostro Sundry Creditor,NULL,OTHERLIABS,30/4/2024,NULL,NULL,NULL
19017000,19017000 ZB BANK NOSTRO SUNDRY CREDIT,ZB BANK NOSTRO SUNDRY CREDIT,NULL,OTHERLIABS,30/4/2024,NULL,NULL,NULL
19018000,19018000 ZWMBANK NOSTRO SUNDRY CREDIT,ZWMBANK NOSTRO SUNDRY CREDIT,NULL,OTHERLIABS,30/4/2024,NULL,NULL,NULL
19019000,19019000 Innbucks Nostro Sundry Creditr,Innbucks Nostro Sundry Creditr,NULL,OTHERLIABS,30/4/2024,NULL,NULL,NULL
19021600,19021600 Innbucks Sundry Creditor,Innbucks Sundry Creditor,NULL,OTHERLIABS,30/4/2024,NULL,NULL,NULL
19029900,19029900 Nostro Sund Credi StanChart,Nostro Sund Credi StanChart,NULL,OTHERLIABS,30/4/2024,NULL,NULL,NULL
20200500,20200500 Buildings - Owner Occupied,Buildings - Owner Occupied,NULL,OTHERASSET,30/4/2024,NULL,NULL,NULL
20202000,20202000 Computer Equipment at Cost,Computer Equipment at Cost,NULL,OTHERASSET,30/4/2024,NULL,NULL,NULL
18518000,18518000 VAT Input,VAT Input,NULL,OTHERASSET,30/4/2024,NULL,NULL,NULL
18518001,18518001 VAT Input - 14.5%,VAT Input - 14.5%,NULL,OTHERLIABS,30/4/2024,NULL,NULL,NULL
18519000,18519000 VAT Input Capital Goods,VAT Input Capital Goods,NULL,OTHERLIABS,30/4/2024,NULL,NULL,NULL
18519001,18519001 VAT Input Capital Goods - 14.5%,VAT Input Capital Goods - 14.5%,NULL,OTHERLIABS,30/4/2024,NULL,NULL,NULL
18520000,18520000 VAT Liability,VAT Liability,NULL,OTHERLIABS,30/4/2024,NULL,NULL,NULL
18530500,18530500 ZIG Merchant POS Suspense,ZIG Merchant POS Suspense,NULL,OTHERLIABS,30/4/2024,NULL,NULL,NULL
18801000,18801000 Accrued Interest on Savings Certificates,Accrued Interest on Savings Certificates,NULL,INTBEARINGLIABS,30/4/2024,NULL,NULL,NULL
18802000,18802000 Accr Int Transaction accounts,Accrued Interest on Savings Deposits,NULL,OTHERLIABS,30/4/2024,NULL,NULL,NULL
18802500,18802500 Accrued Interest on Terms Deposits,Accrued Interest on Terms Deposits,NULL,INTBEARINGLIABS,30/4/2024,NULL,NULL,NULL
18802800,18802800 Accrued Int on Trans Acc,Accrued Int on Trans Acc,NULL,OTHERASSET,30/4/2024,NULL,NULL,NULL
18803000,18803000 Call Deposit Takings,Call Deposits Control,NULL,INTBEARINGLIABS,30/4/2024,NULL,NULL,NULL
18803800,18803800 Nostro FCA-Transact Accs,Nostro FCA - Transactional Accounts,NULL,OTHERLIABS,30/4/2024,NULL,NULL,NULL
18803850,18803850 Nostro Scheme Accounts,Nostro Scheme Accounts,NULL,OTHERLIABS,30/4/2024,NULL,NULL,NULL
18804000,18804000 Savings Certificates,Savings Certificates,NULL,INTBEARINGLIABS,30/4/2024,NULL,NULL,NULL
18805000,18805000 Savings Control,Savings Control,NULL,OTHERLIABS,30/4/2024,NULL,NULL,NULL
18805100,18805100 Savings Control-Mashonal,Savings Control-Mashonal,NULL,OTHERLIABS,30/4/2024,NULL,NULL,NULL
18805300,18805300 Savings Control-Matabele,Savings Control-Matabele,NULL,OTHERLIABS,30/4/2024,NULL,NULL,NULL
18805400,18805400 Savings Contrl-Manicaland,Savings Contrl-Manicaland,NULL,OTHERLIABS,30/4/2024,NULL,NULL,NULL
18805500,18805500 Savings Control-Midlands,Savings Control-Midlands,NULL,OTHERLIABS,30/4/2024,NULL,NULL,NULL
18805700,18805700 Savings Control-Masvingo,Savings Control-Masvingo,NULL,OTHERLIABS,30/4/2024,NULL,NULL,NULL
18806000,18806000 Term Deposit Control,Term Deposit Control,NULL,INTBEARINGLIABS,30/4/2024,NULL,NULL,NULL
18809000,18809000 Transactional Acc Control,Transactions Account Control,NULL,OTHERLIABS,30/4/2024,NULL,NULL,NULL
18809050,18809050 Trns Acc Control-Mashonaland,Trns Acc Control-Mashonaland,NULL,OTHERLIABS,30/4/2024,NULL,NULL,NULL
18809100,18809100 ZiG Corporate Accounts,Trns Acc Control-Masvingo,NULL,OTHERLIABS,30/4/2024,NULL,NULL,NULL
18809150,18809150 Trns Acc Control-Matabeleland,Trns Acc Control-Matabeleland,NULL,OTHERLIABS,30/4/2024,NULL,NULL,NULL
18809200,18809200 Trns Acc Control-Midlands,Trns Acc Control-Midlands,NULL,OTHERLIABS,30/4/2024,NULL,NULL,NULL
18809400,18809400 ZiG Individual Accounts,ZiG Individual Accounts,NULL,OTHERLIABS,30/4/2024,NULL,NULL,NULL
19000020,19000020 AFC NOSTRO SUNDRY CREDIT,AFC NOSTRO SUNDRY CREDIT,NULL,OTHERLIABS,30/4/2024,NULL,NULL,NULL
19000030,19000030 AFRICENTURY NOSTRO SUNDRY CRED,AFRICENTURY NOSTRO SUNDRY CRED,NULL,OTHERLIABS,30/4/2024,NULL,NULL,NULL
19000040,19000040 BancABC NOSTRO SUNDRY CREDIT,BancABC NOSTRO SUNDRY CREDIT,NULL,OTHERLIABS,30/4/2024,NULL,NULL,NULL
19000050,19000050 CBZ Bank NOSTRO SUNDRY CREDIT,CBZ Bank NOSTRO SUNDRY CREDIT,NULL,OTHERLIABS,30/4/2024,NULL,NULL,NULL
19000060,19000060 ECOBANK NOSTRO SUNDRY CREDIT,ECOBANK NOSTRO SUNDRY CREDIT,NULL,OTHERLIABS,30/4/2024,NULL,NULL,NULL
19000070,19000070 ECOCASH NOSTRO SUNDRY CREDIT,ECOCASH NOSTRO SUNDRY CREDIT,NULL,OTHERLIABS,30/4/2024,NULL,NULL,NULL
19000080,19000080 Empowerbank NOSTRO SUNDRY CRED,Empowerbank NOSTRO SUNDRY CRED,NULL,OTHERLIABS,30/4/2024,NULL,NULL,NULL
19000090,19000090 FBC Building Society NOSTRO SU,FBC Building Society NOSTRO SU,NULL,OTHERLIABS,30/4/2024,NULL,NULL,NULL
19000100,19000100 FBC NOSTRO SUNDRY CREDIT,FBC NOSTRO SUNDRY CREDIT,NULL,OTHERLIABS,30/4/2024,NULL,NULL,NULL
19000110,19000110 FCB NOSTRO SUNDRY CREDIT,FCB NOSTRO SUNDRY CREDIT,NULL,OTHERLIABS,30/4/2024,NULL,NULL,NULL
19000120,19000120 GETBUCKS NOSTRO SUNDRY CREDIT,GETBUCKS NOSTRO SUNDRY CREDIT,NULL,OTHERLIABS,30/4/2024,NULL,NULL,NULL
19000130,19000130 Metbank NOSTRO SUNDRY CREDIT,Metbank NOSTRO SUNDRY CREDIT,NULL,OTHERLIABS,30/4/2024,NULL,NULL,NULL
19000140,19000140 NatBuild Soc NOSTRO SUNDRY CRE,NatBuild Soc NOSTRO SUNDRY CRE,NULL,OTHERLIABS,30/4/2024,NULL,NULL,NULL
31021400,31021400 Accr Int - Nostro Overdrafts,Accr Int - Nostro Overdrafts,NULL,EARNINGASSETS,30/4/2024,NULL,NULL,NULL
31022000,31022000 Accrued Interest-Sav Od,Accrued Interest-Savings Od,NULL,OTHERASSET,30/4/2024,NULL,NULL,NULL
31024000,31024000 Accrued Interest - Term Deposits,Accrued Interest - Term Deposits,NULL,INTBEARINGLIABS,30/4/2024,NULL,NULL,NULL
31025000,31025000 Accrued Int - Treasury Bills,Accrued Interest - Treasury Bills,NULL,EARNINGASSETS,30/4/2024,NULL,NULL,NULL
31941200,31941200 Cash at Bank-AFREXIMBANK USN,Cash at Bank-AFREXIMBANK USN,NULL,OTHERASSET,30/4/2024,NULL,NULL,NULL
31941450,31941450 AFREXIMBANK USD 20005120128000,AFREXIMBANK USD 20005120128000,NULL,OTHERASSET,30/4/2024,NULL,NULL,NULL
31942200,31942200 Cash at Bank - Agribank USD,Cash At Bank-Agribank Rec-04,NULL,OTHERASSET,30/4/2024,NULL,NULL,NULL
31942320,31942320 Cash at Bank-AKTIF Bank-EUR,Cash at Bank-AKTIF Bank-EUR,NULL,OTHERASSET,30/4/2024,NULL,NULL,NULL
31942330,31942330 Cash at Bank-AKTIF Bank-GBP,Cash at Bank-AKTIF Bank-GBP,NULL,OTHERASSET,30/4/2024,NULL,NULL,NULL
31942350,31942350 Cash at Bank- AKTIF Bank-USD,Cash at Bank- AKTIF Bank-USD,NULL,OTHERASSET,30/4/2024,NULL,NULL,NULL
31946200,31946200 Cash at Bank-BMCEInt(EUR),Cash at Bank - BMCE Bank InterN (EUR) 0096601493,NULL,OTHERASSET,30/4/2024,NULL,NULL,NULL
20204000,20204000 Furniture & Equipment at Cost,Furniture & Equipment at Cost,NULL,OTHERASSET,30/4/2024,NULL,NULL,NULL
20206000,20206000 House Boat at Cost,House Boat at Cost,NULL,OTHERASSET,30/4/2024,NULL,NULL,NULL
20206500,20206500 Land - Owner Occupied,Land - Owner Occupied,NULL,OTHERASSET,30/4/2024,NULL,NULL,NULL
20207000,20207000 Motor Vehicles at Cost,Motor Vehicles at Cost,NULL,OTHERASSET,30/4/2024,NULL,NULL,NULL
20210700,20210700 Prop in Possession Unsold,Property in Possession Unsold (P.I.P),NULL,OTHERASSET,30/4/2024,NULL,NULL,NULL
20210800,20210800 Right of Use Asset - PPE Cost,Right of Use Asset - PPE Cost,NULL,OTHERASSET,30/4/2024,NULL,NULL,NULL
20450500,20450500 Bldg Owner Occup Accum Depr,Buildings - Owner Occupied - Acc Dep,NULL,OTHERASSET,30/4/2024,NULL,NULL,NULL
20451000,20451000 Computer Equipment - Acc Dep,Computer Equipment - Acc Dep,NULL,OTHERASSET,30/4/2024,NULL,NULL,NULL
20453000,20453000 Furniture & Equipment - Acc Dep,Furniture & Equipment - Acc Dep,NULL,OTHERASSET,30/4/2024,NULL,NULL,NULL
20455000,20455000 House Boat - Acc Dep,House Boat - Acc Dep,NULL,OTHERASSET,30/4/2024,NULL,NULL,NULL
20456000,20456000 Intangible Assets-Software-Acc,Intangible Assets-Software - Acc Dep,NULL,OTHERASSET,30/4/2024,NULL,NULL,NULL
20457000,20457000 Land and Buildings Accum Depr,Land and Buildings - Acc Dep,NULL,OTHERASSET,30/4/2024,NULL,NULL,NULL
20458000,20458000 Motor Vehicles - Acc Dep,Motor Vehicles - Acc Dep,NULL,OTHERASSET,30/4/2024,NULL,NULL,NULL
20460700,20460700 Right of Use Asset-PPE Acc Dep,Right of Use Asset - PPE Acc Depreciation,NULL,OTHERASSET,30/4/2024,NULL,NULL,NULL
23178500,23178500 ECL Money Market Investments,ECL Money Markets,NULL,EARNINGASSETS,30/4/2024,NULL,NULL,NULL
23196000,23196000 Money at Call,Money at Call,NULL,EARNINGASSETS,30/4/2024,NULL,NULL,NULL
23256000,23256000 Fixed Deposit Placements,Money Market Deposit,NULL,EARNINGASSETS,30/4/2024,NULL,NULL,NULL
23300000,23300000 Nostro Fixed Deposit Placement,Nostro Fixed Deposit Placement,NULL,EARNINGASSETS,30/4/2024,NULL,NULL,NULL
23640600,23640600 ECL Treasury Bills,ECL treasury Bills,NULL,EARNINGASSETS,30/4/2024,NULL,NULL,NULL
23642000,23642000 Government Securities,Government Securities,NULL,OTHERASSET,30/4/2024,NULL,NULL,NULL
23643400,23643400 Nostro Treasury Bills,Nostro Treasury Bills,NULL,EARNINGASSETS,30/4/2024,NULL,NULL,NULL
23644000,23644000 Treasury Bills (Assets),Treasury Bills,NULL,EARNINGASSETS,30/4/2024,NULL,NULL,NULL
24102800,24102800 Capitalised IFRs 9 Project,Capitalised IFRs 9 Project,NULL,OTHERASSET,30/4/2024,NULL,NULL,NULL
24103500,24103500 Capitalised Prlm Exp Shanduko,Capitalised Preliminary Expenses-Shanduko,NULL,OTHERASSET,30/4/2024,NULL,NULL,NULL
24103600,24103600 Chegutu Housing Project,Chegutu Housing Project,NULL,OTHERASSET,30/4/2024,NULL,NULL,NULL
24103700,24103700 Corona Project,Corona Project,NULL,OTHERASSET,30/4/2024,NULL,NULL,NULL
24104800,24104800 Housing Projects,Housing Projects,NULL,OTHERASSET,30/4/2024,NULL,NULL,NULL
24104900,24104900 Pumula Housing Projects,Pumula housing projects,NULL,OTHERASSET,30/4/2024,NULL,NULL,NULL
24105000,24105000 Software Capitalised,Software Capitalised,NULL,OTHERASSET,30/4/2024,NULL,NULL,NULL
24108000,24108000 ZRP Housing Project,ZRP Housing Project,NULL,OTHERASSET,30/4/2024,NULL,NULL,NULL
25031000,25031000 Land & Buildings,Land & Buildings,NULL,OTHERASSET,30/4/2024,NULL,NULL,NULL
25031500,25031500 Land & Buildings - Owner Occupied,Land & Buildings - Owner Occupied,NULL,OTHERASSET,30/4/2024,NULL,NULL,NULL
25951000,25951000 Mortgage loans and advances,Mortgage Bonds,NULL,EARNINGASSETS,30/4/2024,NULL,NULL,NULL
25957000,25957000 Mortgage Loans Nostro FCA,Mortgage Loans Nostro FCA,NULL,EARNINGASSETS,30/4/2024,NULL,NULL,NULL
26610300,26610300 Authorised Overdrafts,Authorised Overdrafts,NULL,EARNINGASSETS,30/4/2024,NULL,NULL,NULL
26610400,26610400 Nostro Authorised Overdrafts,Nostro Authorised Overdrafts,NULL,EARNINGASSETS,30/4/2024,NULL,NULL,NULL
26610500,26610500 Nostro FCA Overdrafts,Nostro FCA - Overdraft Accounts,NULL,EARNINGASSETS,30/4/2024,NULL,NULL,NULL
26611000,26611000 Platinum Overdrafts,Platinum Overdraft,NULL,EARNINGASSETS,30/4/2024,NULL,NULL,NULL
27345000,27345000 Swift Shares for CABS,Swift Shares for CABS,NULL,OTHERASSET,30/4/2024,NULL,NULL,NULL
27364000,27364000 Zimswitch Shares for CABS,Zimswitch Shares for CABS,NULL,OTHERASSET,30/4/2024,NULL,NULL,NULL
27867000,27867000 Business loans and advances,Business Loans and Advances,NULL,EARNINGASSETS,30/4/2024,NULL,NULL,NULL
27867500,27867500 Business Loans Nostro FCA,Business Loans Nostro FCA,NULL,EARNINGASSETS,30/4/2024,NULL,NULL,NULL
27868500,27868500 IT PARTNER LOANS,CPS Loans,NULL,EARNINGASSETS,30/4/2024,NULL,NULL,NULL
27881500,27881500 Nostro Non Payroll,Nostro Non Payroll,NULL,EARNINGASSETS,30/4/2024,NULL,NULL,NULL
29257000,29257000 Unit Trusts,Unit Trusts,NULL,OTHERASSET,30/4/2024,NULL,NULL,NULL
30180000,30180000 Contact Centre - Project,Contact Centre - Project,NULL,OTHERASSET,30/4/2024,NULL,NULL,NULL
30184000,30184000 Contactless Issuance (MasterCard/Visa),Contactless Issuance (MasterCard/Visa),NULL,OTHERASSET,30/4/2024,NULL,NULL,NULL
31008100,31008100 Accr Int-Authorised Overdrafts,Accrued Interest - Authorised Overdrafts,NULL,EARNINGASSETS,30/4/2024,NULL,NULL,NULL
31008200,31008200 Accr Int-BusLoansNostFCA,Accrued interest - Business Loans Nostro FCA,NULL,EARNINGASSETS,30/4/2024,NULL,NULL,NULL
31009000,31009000 Accr Int CPS Loans,Accrued Interest - CPS Loans,NULL,EARNINGASSETS,30/4/2024,NULL,NULL,NULL
31015500,31015500 Accrued Interest- Income on Bankers Acceptance,Accrued Interest- Income on Bankers Acceptance,NULL,EARNINGASSETS,30/4/2024,NULL,NULL,NULL
31019000,31019000 Accr Int Business Loans,Accrued Interest - Loans & Advances,NULL,EARNINGASSETS,30/4/2024,NULL,NULL,NULL
31020000,31020000 Accr Int Fixed Deposit Plcmnts,Accrued Interest - Money Market,NULL,EARNINGASSETS,30/4/2024,NULL,NULL,NULL
31020400,31020400 Accr Int-MorLoanNostFCA,Accrued Interest - Mortgage Loans Nostro FCA,NULL,EARNINGASSETS,30/4/2024,NULL,NULL,NULL
31020600,31020600 Accr Int-Mortg Loans ZWL,Accr Int-Mortgage Loans ZWL,NULL,EARNINGASSETS,30/4/2024,NULL,NULL,NULL
31020630,31020630 Accrued Interest - Nostro Authorised Overdrafts,Accrued Interest - Nostro Authorised Overdrafts,NULL,EARNINGASSETS,30/4/2024,NULL,NULL,NULL
31020650,31020650 Accrued Interest - Nostro Fixed Placements,Accrued Interest - Nostro Fixed Placements,NULL,EARNINGASSETS,30/4/2024,NULL,NULL,NULL
31020660,31020660 Accr Int Nostro Treasury Bills,Accr Int Nostro Treasury Bills,NULL,EARNINGASSETS,30/4/2024,NULL,NULL,NULL
31020900,31020900 AccrInt OD accs - Nostro FCA,Acru Int-OD acc-NostroFCA,NULL,EARNINGASSETS,30/4/2024,NULL,NULL,NULL
31021000,31021000 Accr Int - Overdraft accounts,Accrued Interest - Platinum Overdraft,NULL,EARNINGASSETS,30/4/2024,NULL,NULL,NULL
18803650,18803650 Nostro Call Deposit Takings,Nostro Call Deposits Control,NULL,INTBEARINGLIABS,30/4/2024,NULL,NULL,NULL
18804500,18804500 Nostro Savings Certificate Tak,Nostro Savings Certificate Tak,NULL,INTBEARINGLIABS,30/4/2024,NULL,NULL,NULL
32530950,32530950 Nostro Cash with Tell Mashonaland,Nostro Cash with Tell Mashonaland,NULL,OTHERASSET,30/4/2024,NULL,NULL,NULL
32531050,32531050 Nostro Cash with Tell Matabeleland,Nostro Cash with Tell Matabeleland,NULL,OTHERASSET,30/4/2024,NULL,NULL,NULL
44276200,44276200 Nostro ATM Cash Balances,Nostro ATM Cash Balances,NULL,OTHERASSET,30/4/2024,NULL,NULL,NULL
32530800,32530800 Nostro Cash with Tell Gweru,Nostro Cash with Tell Gweru,NULL,OTHERASSET,30/4/2024,NULL,NULL,NULL
32530850,32530850 Nostro Cash with Tell Kwekwe,Nostro Cash with Tell Kwekwe,NULL,OTHERASSET,30/4/2024,NULL,NULL,NULL
32530900,32530900 Nostro Cash with Tell Manicaland,Nostro Cash with Tell Manicaland,NULL,OTHERASSET,30/4/2024,NULL,NULL,NULL
32531000,32531000 Nostro Cash with Tell Masvingo,Nostro Cash with Tell Masvingo,NULL,OTHERASSET,30/4/2024,NULL,NULL,NULL
38259200,38259200 Nostro Petty Cash,Nostro Petty Cash,NULL,OTHERASSET,30/4/2024,NULL,NULL,NULL
41053520,41053520 Nostro Cash In Transit,Nostro Cash In Transit,NULL,OTHERASSET,30/4/2024,NULL,NULL,NULL
31941300,31941300 Cash at Bank - Afrexim Collect,Cash at Bank - Afrexim Collect,NULL,OTHERASSET,30/4/2024,NULL,NULL,NULL
31941400,31941400 Cash at Bank - Afrexim Coll ZETD,Cash at Bank - Afrexim Coll ZETD,NULL,OTHERASSET,30/4/2024,NULL,NULL,NULL
31946050,31946050 Cash at Bank - Bidvest31500000928,Cash at Bank - Bidvest31500000928,NULL,OTHERASSET,30/4/2024,NULL,NULL,NULL
32125000,32125000 Bank - VFEX Nostro Collateral Account,Bank - VFEX Nostro Collateral Account,NULL,OTHERASSET,30/4/2024,NULL,NULL,NULL
37944600,37944600 Statutory Reserves USD,Statutory Reserves USD,NULL,OTHERASSET,30/4/2024,NULL,NULL,NULL
37944400,37944400 Statutory Reserves BWP,Statutory Reserves BWP,NULL,OTHERASSET,30/4/2024,NULL,NULL,NULL
37944500,37944500 Statutory Reserves EUR,Statutory Reserves EUR,NULL,OTHERASSET,30/4/2024,NULL,NULL,NULL
37944700,37944700 Statutory Reserves ZAR,Statutory Reserves ZAR,NULL,OTHERASSET,30/4/2024,NULL,NULL,NULL
18803600,18803600 Nostro Blue Savings Control,Nostro Blue Savings Control,NULL,OTHERLIABS,30/4/2024,NULL,NULL,NULL
18702700,18702700- Nostro Accr Interest Savings,Nostro Accr Interest Savings,NULL,OTHERLIABS,30/4/2024,NULL,NULL,NULL
16903500,16903500 Nostro Deferred Valuation fees - Mortgages,Nostro Deferred Valuation fees - Mortgages,NULL,OTHERLIABS,30/4/2024,NULL,NULL,NULL
18803750,18803750  Nostro Government ATM Tax,Nostro Government ATM Tax,NULL,OTHERLIABS,30/4/2024,NULL,NULL,NULL
15301810,15301810 Nostro Mortgage HOC Premium,Nostro Mortgage HOC Premium,NULL,OTHERLIABS,30/4/2024,NULL,NULL,NULL
15301820,15301820 Nostro Mortgage Life Premium,Nostro Mortgage Life Premium,NULL,OTHERLIABS,30/4/2024,NULL,NULL,NULL
15301830,15301830 Nostro Mortgage Pension Premium,Nostro Mortgage Pension Premium,NULL,OTHERLIABS,30/4/2024,NULL,NULL,NULL
18505470,18505470 Nostro Stale Cheques,Nostro Stale Cheques,NULL,OTHERLIABS,30/4/2024,NULL,NULL,NULL
18505480,18505480 Nostro Tell Short/Over Investigate,Nostro Tell Short/Over Investigate,NULL,OTHERLIABS,30/4/2024,NULL,NULL,NULL
35338000,35338000 Nostro Remittance Incentive Suspense,Nostro Remittance Incentive Suspense,NULL,OTHERLIABS,30/4/2024,NULL,NULL,NULL
38258350,38258350 Sundry Cred-Nostro Money Market ,Sundry Cred-Nostro Money Market,NULL,OTHERLIABS,30/4/2024,NULL,NULL,NULL
44276150,44276150 Nostro Application fees Suspen,Nostro Application fees Suspen,NULL,OTHERLIABS,30/4/2024,NULL,NULL,NULL
45352500,45352500 Nostro Revenue Internal Account,Nostro Revenue Internal Account,NULL,OTHERLIABS,30/4/2024,NULL,NULL,NULL
45728500,45728500 Nostro Salaries Control,Nostro Salaries Control,NULL,OTHERLIABS,30/4/2024,NULL,NULL,NULL
1010101,1010101 Nostro Mortgage Protecion,Nostro Mortgage Protecion,NULL,OTHERASSET,30/4/2024,NULL,NULL,NULL
1010102,1010101 Nostro Merchant POS 2 Suspense,Nostro Merchant POS 2 Suspense,NULL,OTHERLIABS,30/4/2024,NULL,NULL,NULL
1010103,1010103Added Liabs with no codes,Added Liabs with no codes,NULL,OTHERLIABS,30/4/2024,NULL,NULL,NULL
38259100,38259100 Nostro Centralised Frauds Control,Nostro Centralised Frauds Control,NULL,OTHERASSET,30/4/2024,NULL,NULL,NULL
16308700,16308700 Nostro Provision for Ordinary Overdraft,Nostro Provision for Ordinary Overdraft,NULL,OTHERASSET,30/4/2024,NULL,NULL,NULL
33714500,33714500 Nostro Accrued Interest Rental,Nostro Accrued Interest Rental,NULL,OTHERASSET,30/4/2024,NULL,NULL,NULL
38306600,38306600 Innbucks Nostro Sundry Debtor,Innbucks Nostro Sundry Debtor,NULL,OTHERASSET,30/4/2024,NULL,NULL,NULL
44276050,44276050 Nostro AA Takeover Suspense,Nostro AA Takeover Suspense,NULL,OTHERASSET,30/4/2024,NULL,NULL,NULL
44276100,44276100 Nostro Agency Charges Suspense,Nostro Agency Charges Suspense,NULL,OTHERASSET,30/4/2024,NULL,NULL,NULL
44276370,44276370 Nostro Omari Suspense Accounts,Nostro Omari Suspense Accounts,NULL,OTHERASSET,30/4/2024,NULL,NULL,NULL
44276390,44276390 Nostro Suspense Others,Nostro Suspense Others,NULL,OTHERASSET,30/4/2024,NULL,NULL,NULL
44276400,44276400 Nostro VMC Charge Back Suspense,Nostro VMC Charge Back Suspense,NULL,OTHERASSET,30/4/2024,NULL,NULL,NULL
44280900,44280900 SendiFast Local MTA Account,SendiFast Local MTA Account,NULL,OTHERASSET,30/4/2024,NULL,NULL,NULL
44286000,44286000 Nostro ZEEPAY Control Account,Nostro ZEEPAY Control Account,NULL,OTHERASSET,30/4/2024,NULL,NULL,NULL
47661500,47661500 Nostro WHT Overseas Remittances,Nostro WHT Overseas Remittances,NULL,OTHERASSET,30/4/2024,NULL,NULL,NULL
1010101-L1,1010101 Nostro Merchand POS2 Suspence,Deposits – Retail and Corporate,NULL,OTHERLIABS,30/4/2024,NULL,NULL,NULL
11805580,11805580 Credit Line-EIB,lines of credit,None,INTBEARINGLIABS,30/4/2024,NULL,NULL,NULL
Dolor,Ferris Bush,NULL,Dolor,Venia,20/7/1999,NULL,11/12/1995,12/2/1979
